Word,Count
the,2751
*,1783
to,1537
for,1164
is,1058
of,1050
a,683
and,651
#define,628
,616
in,599
be,466
=,432
-,407
if,399
The,356
this,353
set,348
on,336
or,313
by,303
with,298
This,294
you,290
not,273
file,247
it,235
will,229
If,223
from,218
//,217
as,209
that,199
your,199
value,198
0,190
at,184
used,184
directory,181
are,180
can,172
1,165
an,161
temperature,156
pin,153
------------------------------------------------------------------------------,151
block,149
thermistor,148
have,142
extruder,136
should,134
number,133
current,131
LCD,128
use,128
Arduino,125
when,124
===========================================================================,124
PID,124
\param[in],124
bed,124
pullup),123
axis,122
2,117
SD,116
entry,116
speed,115
which,114
all,110
\return,105
port,104
true,103
100k,100
heater,98
sensor,98
disable,98
\true,\,98
PWM,97
For,96
using,95
offset,94
(4.7k,93
position,93
/,92
error,92
start,92
default,90
than,89
max,89
3,85
but,85
Public,84
returned,84
hotend,83
A,83
version,82
between,82
read,82
Set,82
library,81
General,81
License,81
GNU,81
after,80
byte,80
more,79
time,78
pins,77
one,77
card,76
Ultimaker,76
enable,76
name,75
false,75
E,74
write,74
we,74
first,74
no,73
data,72
end,71
into,71
success,71
I2C,71
so,71
failure,70
Library,70
values,70
acceleration,69
display,68
volume,67
need,67
cluster,65
target,64
FAT,64
SPI,64
has,64
EEPROM,63
8,63
any,62
Z,61
servo,60
must,60
homing,60
print,59
defined,59
uses,58
mm,58
endstops,57
define,56
4,56
click,56
settings,56
extruders,56
configuration,56
\false,\,55
out,55
You,54
drive,54
board,54
open,53
long,53
filament,53
field,52
See,52
encoder,52
LiquidTWI2,52
only,52
\X,\,52
Use,52
limit,52
\Y,\,52
comment,51
last,51
move,51
power,51
zero,51
then,51
6,50
support,49
new,49
following,49
up,49
them,49
each,48
store,48
later,48
command,48
ANALOG,47
==,47
free,47
date,47
high,47
function,47
control,46
NUMBERING,46
frequency,46
timer,46
distance,46
enabled,45
connected,45
index,45
-1,45
line,45
buffer,45
Gen7,45
path,44
does,44
ATC,44
part,44
Semitec,44
SdFat,44
check,44
below,43
7,43
limits,43
nozzle,43
Make,43
direct,42
(mm/sec),42
low,42
sure,42
interrupt,42
also,42
correct,42
means,42
Address,42
maximum,42
other,42
changed,41
BTN_ENC,41
bang-bang,41
\a,41
serial,41
12,40
cache,40
HEATER_BED_DUTY_CYCLE_DIVIDER,40
Servo,40
temp,40
either,40
Mendel,40
\one,\,40
Controller,40
expander,40
change,39
bytes,39
pullup,39
under,39
still,39
size,39
sets,39
endstop,38
It,38
moves,38
while,38
software,38
string,38
per,38
\not,\,38
blocks,38
output,38
without,37
\zero,\,37
center,37
5,37
off,37
do,37
9,37
copy,37
heating,37
+,36
very,36
),36
setting,36
Software,36
range,36
directly,35
Enable,35
switch,35
10,35
height,35
bit,35
before,35
fan,35
(in,35
servos,34
v2.0,34
mode,34
FOR,34
user,34
junction,34
panel,34
libraries,34
lines,34
PIDTEMPBED,34
build,33
Serial,33
settings:,33
hardware,33
subdirectory,33
don't,33
retract,33
temperatures,33
select,33
status,32
next,32
255,32
white,32
changes,32
(,32
invert,32
Settings,32
valid,32
thermocouple,32
above,32
modify,32
\extruder,\,32
Support,32
reset,32
128x64,32
FAT32,32
geared,31
DEFAULT_Kp,31
steps,31
printer,31
Free,31
returns,31
DEFAULT_Ki,31
EPCOS,31
even,31
logic,31
see,31
fine,31
v9,31
Note:,31
needed,31
within,31
13,31
v1.2.3,31
DEFAULT_Kd,31
Orca,30
selects,30
Disable,30
Horizontal,30
11,30
RAMPS,30
Extruder,30
and/or,30
tower,30
250W,30
PCB),30
***************************************************************************************,30
placed,30
(1k,30
1.2,30
255=full,30
manually,30
page,29
Copyright,29
bowden,29
(at,29
being,29
firmware,29
table,29
|,29
dir,29
received,29
along,29
back,29
button,28
count,28
normal,28
direction,28
hope,28
active,28
\defined,\,28
bits,28
until,28
length,28
(lines,28
called,28
details,28
greater,27
\useful,\,27
ANY,27
MERCHANTABILITY,27
Grbl,27
factor,27
redistribute,27
always,27
warranty,27
terms,27
rate,27
distributed,27
WITHOUT,27
\Foundation,\,27
WARRANTY;,27
FITNESS,27
published,27
Used,27
PARTICULAR,27
option),27
defines,27
implied,27
turned,27
8.3,27
many,27
PURPOSE,27
\License,\,27
characters,26
allows,26
empty,26
location,26
access,26
just,26
functions,26
Bed,26
there,26
>,26
return,25
positions,25
been,25
left,25
TO,25
routine,25
these,25
51,25
would,25
same,24
during,24
call,24
device,24
mm/s^2,24
works,24
else,24
sector,24
contains,24
(not,24
electronics,24
register,24
root,24
head,24
motor,24
second,24
resolution,24
match,24
stepper,24
oflag,24
(D,24
extrusion,24
format,24
Board,24
Control,23
was,23
push,23
Value,23
memory,23
Insert,23
software:,23
============================,23
On,23
Uncomment,23
send,23
200k,23
pixel,23
disabled,23
<http://www.gnu.org/licenses/>,23
written,22
Check,22
custom,22
Axis,22
lcd,22
ParCan),22
graphic,22
DELTA,22
104GT-2,22
won't,22
setup,22
actual,22
204GT-2,22
Megatronics,22
(see,22
inputs,22
assignment,22
gives,22
diagonal,22
black,22
multiple,22
(Used,22
priming,22
OMCA,22
M500,22
Please,22
Temperature,22
flags,22
system,21
front,21
10.0,21
partition,21
clear,21
Ultimaker2,21
cycle,21
buzzer,21
Gen6,21
middle,21
difference,21
made,21
choose,21
\Z,\,21
buttons,21
x,21
top,21
coordinates,21
right,21
(if,21
keep,21
Initialize,21
separate,21
BED_LIMIT_SWITCHING,21
Change,21
Ultiboard,21
Elefu,21
Sanguinololu,21
already,21
done,21
pulse,21
M109,21
leveling,21
procedure,21
init,20
ohm,20
SETTINGS:,20
arc,20
1.3,20
FAN_SOFT_PWM,20
INSTALL,20
update,20
joints,20
address,20
\bang-bang,\,20
rods,20
raise,20
universal,20
!,20
REPRAPWORLD_KEYPAD,20
duty,20
mm),20
matches,20
PID_FUNCTIONAL_RANGE,20
Not,20
-1),20
DEFAULT_bedKp,20
borosilicate,20
shouldn't,20
90,20
communication,20
speeds,20
PANELOLU2,20
1.4,20
NOT,20
Smart,20
(Ultimaker,20
wire,20
DEFAULT_bedKi,20
kinematics,20
(Power,20
silicone,20
(MendelMax,20
1.5+),20
1k,20
Inverting,20
outputs:,20
Effective,20
16,20
\type,\,20
opened,20
folder:,20
Comment,20
e.g,20
https://github.com/lincomatic/LiquidTWI2,20
(Active,20
REMEMBER,20
some,20
Sketchbook,20
significantly,20
X,20
short/failure,20
wait,20
80,20
\brief,20
(degC),20
<,20
boot,20
Bed),20
4mm,20
RepRapDiscount,20
DEFAULT_bedKd,20
120v,20
\LEDs,\,20
},19
flash,19
file's,19
because,19
attached,19
Console,19
printing,19
Pointer,19
code,19
may,19
program,19
\0,\,19
receive,19
material,19
{,19
Pins,19
NOLINT,19
ULTIPANEL,19
include,19
microseconds,19
previous,18
FAT16,18
Sets,18
Number,18
Display,18
I/O,18
static,18
three,18
0;,18
order,18
2009,18
different,18
Sd2Card,18
\param[out],18
PIDTEMP,18
parameters,18
\{0.0,\,18
34,18
advance,18
variables,18
pointer,17
21,17
20,17
requires,17
In,17
&,17
Start,17
step,17
23,17
since,17
width,17
Messages,17
retraction,17
every,17
driver,17
@,17
angle,17
Print,17
run,16
two,16
Values,16
Store,16
Card,16
19,16
most,16
less,16
33,16
case,16
1kohm,16
automatic,16
where,16
entries,16
fixed,16
too,16
IS,16
Y,16
extrude,16
instance,16
(C),16
space,16
When,16
loop,16
dirFile,16
single,15
MINTEMP,15
old,15
4.7kohm,15
exists,15
class,15
stored,15
longer,15
erase,15
min/max,15
raw,15
128,15
Data,15
like,15
ULTRA_LCD,15
find,15
C,15
BED_CENTER_AT_0_0,15
might,15
want,15
assume,15
make,15
15,15
files,15
\1,\,15
commands,15
shift,15
ignored,14
ATX,14
commented,14
nothing,14
perform,14
512,14
Select,14
Define,14
convert,14
subsystem,14
\2,\,14
Stepper,14
errors,14
period,14
remove,14
recover,14
clusters,14
Only,14
minimum,14
double,14
moved,14
MUST,14
upper,14
unit,14
input,14
found,14
inclusive,14
dot,14
info,14
otherwise,14
Implementation,14
\note,14
connector,14
William,14
rotation,14
sequence,14
FAT12,14
available,14
prevent,14
v1.3,14
menus,14
DOS,14
get,14
\bed,\,14
12V,14
interval,14
Greiman,14
Reasons,14
float,13
'..',13
constants,13
(c),13
filename,13
M240,13
bootloader,13
signal,13
processor,13
character,13
issue,13
needs,13
2),13
compatibility,13
capacity,13
considered,13
require,13
enough,13
wrong,13
idle,13
starts,13
write(),13
goes,13
X1,13
64,13
how,13
prime,13
\deprecated,13
(the,13
camera,13
INPUT,13
cycles,13
minimal,13
sectors,13
list,13
likely,13
!=,13
flag,13
square,13
close,13
Height,13
header,13
through,13
makes,13
reads,13
Rate,13
text,13
regardless,13
delete,12
z,12
option,12
channel,12
Arc,12
anything,12
Open,12
lengths,12
higher,12
leave,12
77,12
interrupts,12
autotune,12
http://www.doc-diy.net/photo/rc-1_hacked/,12
EXTRUDER,12
Printrboard,12
much,12
OLED,12
(i.e,12
decrease,12
M502,12
63,12
Teensylu,12
\enabled,\,12
level,12
NUMBERING!!!!!!!!,12
versions,12
24,12
sync(),12
save,12
cached,12
large,12
M280,12
(or,12
Final,12
tables,12
=============================,12
Triggers,12
==>,12
RS,12
visible,12
Duemilanove,12
PT100,12
own,12
\pressed,\,12
Wait,12
feature,12
v1.4,12
RC-1,12
nominal,12
Endstops,12
||,12
created,12
16x2,12
d,12
(for,12
\However,\,12
broken,12
highest,12
emulating,12
DIGITAL,12
based,12
extruder),12
Write,12
OUTPUT,12
Lesser,12
undefined,12
Read,12
Canon,12
STB,12
open(),12
10),12
good,12
supply,12
RA,12
0),12
annoying,12
Use:,12
ultimaker,12
bad,12
issues,12
M206,12
dangerous,12
startup,12
PID_OPENLOOP,12
their,12
understand,12
hot,12
M501,12
total,12
Pre,12
Hardware,12
form,12
USE,12
increment,12
\low,\,12
host,12
increases,12
(when,12
expensive,11
calibration,11
heat,11
Increase,11
average,11
getting,11
Configuration,11
stores,11
SMD,11
Alpha,11
terminal,11
red,11
ground,11
\below,\,11
RA_CONTROL_PANEL,11
straight,11
(only,11
82,11
assumed,11
screen,11
stop,11
our,11
term,11
watchdog,11
currently,11
around,11
given,11
AL03006-58.2K-97-G1,11
v1.2,11
65,11
v1.0,11
prints,11
Ra,11
successfully,11
INA826,11
20110410,11
trapezoid,11
transfer,11
NTCS0603E3104FXT,11
Endstop,11
81,11
0603,11
probably,11
Length,11
afterwards,11
72,11
enables,11
checking,11
reached,11
ATMega328P,11
compiling,11
angles,11
GE,11
mendel-parts,11
i.e,11
w/,11
\fan,\,11
10k,11
OK,11
Rambo,11
hysteresis,11
OR,11
integer,11
Vishay,11
135-104LAG-J01,11
55,11
uncomment,11
Offset,11
expansion,11
(requires,11
Honeywell,11
heaters,11
SCK,11
Minitronics,11
AD595,11
connect,11
0.1,11
Remote,11
delta,11
full,11
Gen3+,11
determines,11
reverts,11
timeout,11
protect,11
it's,11
y,11
\sensor,\,11
from:,11
198-961,11
retracts,11
take,11
Brainwave,11
62,11
rkoeppl,11
temporarily),11
\v1.1,\,11
=============================Additional,11
file),11
chip,11
360,11
slower,11
paramters,11
MAX_HEATING_TEMPERATURE_INCREASE,11
reduce,11
VIKI,11
SERIAL_PORT,11
X-Box,11
\value,\,11
segment,11
unless,11
No,11
52,11
MAX_HEATING_CHECK_MILLIS,11
best,11
standard,11
(AT90USB646),11
volumes,11
=============================Mechanical,11
\"\factory\,11
NUM_SERVOS,11
These,11
aborted,11
switches,11
Sensing,11
thickness,11
accelerated,11
Features===========================,11
motion,11
occurs,11
ARDUINO,11
pullups,11
menu,11
reach,11
Sends,11
accurate,11
(AT90USB1286),11
carriages,11
whatever,11
\on,\,11
PID_DEBUG,11
(default,11
pause/stop/resume,11
amp,11
seconds,11
=============================Thermal,11
\settings"\\,11
Settings===========================,11
key,11
arrays,11
Distance,11
Retract,11
object,11
both,11
V1.1,11
\endstops,\,11
cartesian,11
FAST_PWM_FAN,11
resistive,10
thermocouple),10
load/unload,10
Panucatt,10
440,10
Low),10
pwm,10
kp=.39,10
delivered,10
C8,10
window,10
leaving,10
holes,10
its,10
(mm),10
FAN,10
(using,10
REPRAP_DISCOUNT_SMART_CONTROLLER,10
DISABLE_MIN_ENDSTOPS,10
redundant,10
R/C,10
FET/Arduino,10
smooth,10
Makergear,10
wish,10
ENABLE_ULTILCD2,10
BASIC,10
adapters,10
http://reprapworld.com/?products_details&products_id=202&cPath=1591_1626,10
\{-1,\,10
Window,10
reserved,10
advanced,10
\frequency,\,10
Y=0),10
defining,10
sqrt,10
thingiverse,10
generic,10
\Mendel,\,10
FIND,10
parent,10
(created,10
smoothing,10
SDSLOW,10
(mm/min),10
V9,10
mechanical,10
Otherwise,10
Preheat,10
https://bitbucket.org/fmalpartida/new-liquidcrystal/wiki/Home,10
VCC),10
intervals,10
\Extruder0,\,10
\hand,\,10
PID_MAX,10
8-10),10
PTFE,10
MANUAL_Z_HOME_POS,10
(uncomment,10
lot,10
(v1.2.3,10
wireless,10
throws,10
State,10
homing;,10
Panel,10
Do,10
1.5.4,10
Indicating,10
overheating,10
10mm,10
try,10
Individual,10
fluke,10
idea,10
\normal,\,10
horizontal,10
hotends,10
BIOS,10
22.2,10
\involved,\,10
-1=MIN,10
702=,10
degreesC,10
Advanced,10
DOG,10
responses,10
\moves,\,10
online,10
ENDSTOP,10
(v3),10
-2,10
connection,10
Manual,10
ADVANCE,10
PID_dT,10
Tp=405,10
Paste,10
sensors,10
powered,10
primary,10
halved,10
timers,10
*NOT*,10
context,10
301,10
wizard,10
you're,10
Travel,10
Tc,10
Puts,10
heats,10
7.0,10
~1700,10
Parts,10
uncommenting,10
97.1,10
switched,10
\did,\,10
integral,10
50.00,10
FET,10
someone,10
fuse,10
LCD_I2C_SAINSMART_YWROBOT,10
debug,10
inform,10
Rumba,10
\0,0,\,10
SERVO,10
(mm/s),10
load,10
\EEPROM,\,10
SERVO_ENDSTOP_ANGLES,10
mm^3/s),10
resistors,10
http://www.elefu.com/index.php?route=product/product&product_id=53,10
initial,10
replaces,10
GADGETS3D,10
1.41,10
microcontroller,10
\accidentally,\,10
X/Y,10
vertical,10
related,10
ARUDINO,10
Version),10
ultipanel,10
protection,10
Configuration_adv.h,10
\"\SIGNAL(TWI_vect)"\\,10
separately,10
actuated,10
str,10
Braino,10
instance),10
305.4,10
Azteeg,10
\buttons,\,10
blue,10
DOGLCD,10
gauge/paper,10
.023,10
402,10
(linear,10
SF,10
PS_ON,10
chain,10
integrated,10
Center-to-center,10
\Extruder,\,10
SETTINGS,10
https://github.com/kiyoshigawa/LiquidCrystal_I2C,10
\70,0}\,10
internal,10
software-disabled,10
codexmas,10
Prof,10
error),10
Sponsored,10
\hardware/configuration,\,10
\(PID,\,10
114,10
Extend,10
prevents,10
bed;,10
CoreXY,10
callback,10
\.1,\,10
mm^3,10
%Print,10
Removes,10
choice,10
residency,10
velocity..,10
Who,10
FOPDT,10
ultimaker2,10
degrades,10
\X,Y,Z\,10
towers,10
relying,10
below);,10
delta:,10
Non,10
GRAPHIC,10
M104/M140,10
(includes,10
plan,10
100K,10
skip,10
curves,10
tube,10
effective,10
g-codes,10
REPRAP_DISCOUNT_FULL_GRAPHIC_SMART_CONTROLLER,10
verifies,10
OWN:,10
affecting,10
containing,10
older,10
115200,10
MOVEMENT,10
modified,10
Relay,10
PREVENT_DANGEROUS_EXTRUDE,10
(too,10
degC,10
SOFT_PWM_SCALE,10
HOME_POS,10
Menu,10
4.7k,10
U8glib,10
Y=0,10
SERVO_ENDSTOPS,10
http://reprap.org/wiki/RepRapDiscount_Smart_Controller,10
ass,10
hysteresis),10
preconfigured,10
63.0,10
eg,10
Melzi,10
eliminate,10
aggressive,10
behaviors,10
Reworked,10
please,10
YOUR,10
increment;,10
model,10
G3D,10
http://code.google.com/p/u8glib/wiki/u8glib,10
PANELOLU,10
overload,10
Enstop,10
275,10
SSR-10DA,10
\heaters,\,10
//the,10
2.25,10
basic,10
17,10
coupler,10
byte:,10
1.08,10
here,10
(seconds),10
early,10
skeinforge,10
eeprom,10
\40+,\,10
\"\M303\,10
ST7565R,10
TEMP_SENSOR_1_AS_REDUNDANT,10
Family),10
rare),10
(vs,10
read-only,10
*c++,10
\79.2,\,10
(blue,10
shut,10
ENDSTOPPULLUP_ZMIN,10
Actual,10
//general,10
non-default,10
LiquidCrystal_I2C,10
graphics,10
\temp,\,10
91,10
effector,10
(Older,10
********************************************************************\,10
Disables,10
FULL,10
later),10
\default,\,10
v1.1,10
70,10
fillet,10
\unsure,\,10
pidautotune,10
mm^3),10
instantaneously),10
\Fan,\,10
203Watts,10
\(X=0,\,10
\scaling,\,10
Pullups,10
uploaded,10
PHOTOGRAPH_PIN,10
response,10
changing),10
wiring,10
ULTIBOARD_V2_CONTROLLER,10
click-encoder,10
BariCUDA,10
deluxe,10
PULLUP!--,10
\"\close"\\,10
Incrementing,10
.6,10
wave,10
DISABLE_MAX_ENDSTOPS,10
LCD_I2C_VIKI,10
(quadratic,10
surface,10
endswitch,10
//as,10
PIDTEMPBED),10
(white,10
1675.16,10
accuracy,10
lead,10
LiquidTWI2.h,10
\Tdead=66,\,10
ENDSTOPPULLUPS,10
coarse,10
MANUAL_HOME_POSITIONS,10
mode;,10
exceeds,10
PANELS,10
resistance,10
.15,10
out:,10
An,10
COREXY,10
701=,10
etc],10
BAUDRATE,10
//enable,10
0},10
\7.689Hz,\,10
MANUAL_*_HOME_POS,10
ULTIMAKERCONTROLLER,10
LCD/SD,10
normally,10
sampling,10
\[Pronterface,\,10
\X=0,\,10
bridged,10
(Controller,10
//128x64,10
down,10
(but,10
stable,10
rapidly,10
int,10
BARICUDA,10
deltabots,10
rod,10
impact,10
Legal,10
http://reprap.org/wiki/RepRapDiscount_Full_Graphic_Smart_Controller,10
corners,10
71,10
\TrinityLabs,\,10
\-1,\,10
*********************************************************************,10
Delta,10
noise,10
forms,10
usage,10
(uncomment),10
purposes,10
used),10
trade-off,10
+/-,10
REPRAPWORLD_KEYPAD_MOVE_STEP,10
--NORMAL,10
G3D_PANEL,10
\support,\,10
==============================,10
enabling,10
segments),10
User-specified,10
PID),10
obey,10
\S90"\\,10
LCD_I2C_PANELOLU2,10
motors,10
Point,10
NEWPANEL,10
Constants,10
array,10
interpolation),10
RepRapWorld,10
line),10
approx,10
L/R/U/P,10
Fotek,10
E-1,10
LiquidCrystal_I2C.h,10
MEGA/RAMPS,10
High),10
SF_ARC_FIX,10
\"\libraries/Wire/utility/twi.c"\\,10
\"\https://github.com/Alfons3/Generation_7_Electronics"\\,10
http://reprap.org/wiki/RAMPS_1.3/1.4_GADGETS3D_Shield_with_Panel,10
distances,10
Assumed,10
feeler,10
resistor,10
calls),10
MOTHERBOARD,10
plastic,10
\1=MAX,\,10
Solid,10
extrusions,10
compare,10
(Alfons3,10
locations:,10
3Drag,10
MAX6675,10
\Extruder1,\,10
driving,10
\{0,0,\,10
ms,9
EXTRUDER_OFFSET_Y,9
bool,9
SDSUPPORT,9
reverse,9
Calculated,9
All,9
according,9
over,9
allow,9
min,9
clock,9
indicates,9
xy,9
go,9
nonzero,9
i,9
5.00},9
constant,9
better,9
PIN,9
SDHC,9
Part,9
fields,9
results,9
features,9
constructed,9
%,9
timestamps,9
Compute,9
Intentionally,9
additional,9
14,9
#endif,9
Master,9
type,9
now,9
20.00},9
EXTRUDER_OFFSET_X,9
B3,9
bitwise-inclusive,9
SOFTWARE_SPI,9
planner,9
Bits,9
B2,9
they,9
BED,8
font,8
reading,8
routines,8
least,8
Fan,8
B1,8
wrapper,8
\directory,\,8
const,8
uint8_t,8
occurred,8
A6,8
D0,8
conversion,8
Type,8
required,8
->,8
cards,8
invalid,8
date/time,8
absolute,8
media,8
movement,8
Font,8
arduino,8
digital,8
\struct,8
18,8
ADC,8
SS,8
Valid,8
gcode,8
home,8
HIGH,8
B0,8
about,8
28,8
D1,8
Boot,8
degrees,8
;,8
(AI,8
steppers,8
UTF-16,8
16-bit,8
MBR,8
Move,8
THIS,8
ensure,8
removed,8
2011,7
storage,7
point,7
added,7
vector,7
travel,7
SdVolume,7
cursor,7
Directory,7
B4,7
Entry,7
I,7
refresh,7
feedrate,7
Always,7
'.',7
\volumes,\,7
mirror,7
once,7
B5,7
\"\);\,7
turn,7
writing,7
formatted,7
>>,7
due,7
deleted,7
'0',7
search,7
triggers,7
calculate,7
packed,7
possible,7
main,7
Max,7
information,7
Wiring,7
token,7
ON,7
t],7
beeper,7
divider,7
specified,7
selected,7
circle,7
\a,\,7
physical,7
area,7
SdBaseFile,7
\file,7
struct,7
state,7
A0,7
macro,7
Windows,7
Mega,7
Calculate,7
via,7
mm/sec,7
Create,7
USE_MULTIPLE_CARDS,6
A1,6
\SERIAL_ECHOPGM("\\,6
RUMBA,6
year,6
Simen,6
attribute,6
ring,6
\modification,\,6
minute,6
A2,6
label,6
--,6
track,6
heated,6
finish,6
Time,6
Format,6
Out,6
never,6
\:"\);\,6
Analog,6
sq,6
pr,6
writeError,6
shall,6
FSINFO,6
month,6
10;,6
can't,6
Sector,6
PROGMEM,6
amount,6
thanks,6
descent=-2,6
timer16_Sequence_t,6
Returns,6
pen,6
sd,6
enum,6
times,6
verify,6
controller,6
n,6
force,6
short,6
Return,6
linear,6
radius,6
message,6
\LCD,\,6
rating,6
\data,\,6
pending,6
CSD,6
2009-2011,6
Count,6
pixels,6
Width,6
Microsoft,6
FILAMENT_RUNOUT_SENSOR,6
Gets,6
Product,6
x=,6
inline,6
ports,6
what,6
True,6
S,6
Extracted,6
EOC,6
override,6
Date,6
PC,6
O_EXCL,6
ascent,6
\SERIAL_PROTOCOLPGM("\\,6
ignore,6
implementation,6
End,6
style,6
stream,6
^,6
disks,6
piezzo,6
work,6
Slave,6
interrupts;,6
draw,6
interface,6
numbering,6
detect,6
NOTE:,6
M204,6
Must,6
codes,6
jerk,6
takes,6
_Nbr_16timers,6
voltage,6
0x13,6
forward,6
Usually,6
delay,6
32,6
M207,6
slow,6
Skogsrud,6
provided,6
M42,6
Svale,6
drivers,6
private,5
module,5
starting,5
working,5
fatDate,5
Possible,5
Reserved,5
B7,5
way,5
specify,5
add,5
defaults,5
linagee,5
things,5
cooling,5
#ifdef,5
hour,5
activated,5
C1,5
O_SYNC,5
deceleration,5
HEX);,5
tool,5
Interrupt,5
RepRap,5
Power,5
\file,\,5
slicer,5
instead,5
\only,\,5
crc,5
27,5
s,5
Standard,5
mapping,5
definition,5
Logical,5
manual,5
insert,5
D2,5
Sd2Card::setSckRate(),5
nbyte,5
Test,5
continue,5
Verified,5
<<,5
C5,5
buffered,5
boards,5
NT,5
C2,5
mask,5
remember,5
allowable,5
planner_recalculate(),5
E1,5
\,5
\_timer1,\,5
contiguous,5
gets,5
mark,5
stopped,5
(aka,5
e,5
File,5
on/off,5
macros,5
create,5
lower,5
UART,5
read(),5
creation,5
checked,5
located,5
manufacturer,5
approximation,5
Add,5
definitions,5
\start,\,5
Prepare,5
_useTimer1,5
rx_buffer_head,5
High,5
temp/resistance,5
2nd,5
Wire,5
LCD_WIDTH,5
Two,5
indicate,5
trimpot,5
Pause,5
D7,5
B6,5
acceleration:,5
extension,5
machine,5
=============================private,5
logical,5
I2C),5
Sanguino,5
sending,5
cannot,5
TWI,5
\pullup,\,5
v,5
precision,5
1.0,5
char,5
G1,5
C4,5
press,5
\math,\,5
D5,5
contain,5
|Status,5
typedef,5
L,5
issuing,5
milliseconds,5
fail,5
fill,5
Draw,5
optional,5
group,5
method,5
measurement,5
#if,5
depending,5
signature,5
LEDOUT,5
D3,5
desired,5
D,5
(pin,5
four,5
supported,5
rumba,5
y=-2,4
show,4
we're,4
day,4
Warning:,4
\class,4
really,4
SdFile,4
example,4
us,4
Motor,4
Nominal,4
mapped,4
P,4
0xF0,4
place,4
C0,4
\opened,\,4
K,4
C6,4
\O_READ,\,4
specific,4
cacheFlush(),4
A7,4
b,4
T,4
USA,4
180,4
another,4
CR/LF,4
overhead,4
GPS,4
ARC,4
Allow,4
rest,4
correctly,4
\Boston,\,4
intRes,4
segments,4
dx=,4
matrix,4
Limit,4
slot,4
Custom,4
TEMP_SENSOR_BED,4
did,4
going,4
blockNumber,4
\SERIAL_ECHOPGM("\advance\,4
Marlin,4
31,4
Franklin,4
OF,4
\block,\,4
lifetime,4
critical,4
\heater,\,4
inside,4
30,4
M201,4
2.1,4
names,4
:,4
dirty,4
\Floor,\,4
S[positive,4
SPECIAL_STARTUP,4
Contains,4
PWM2,4
dev,4
26,4
m,4
F1,4
waiting,4
pressed,4
TEMP_RESIDENCY_TIME,4
!!!,4
r,4
VFAT,4
(BariCUDA,4
IDE,4
Get,4
SCL,4
isn't,4
debugging,4
final,4
scale,4
F[feedrate,4
sckRateID,4
Attaches,4
fatTime,4
\extruders,\,4
step_rate,4
*****************************************************************,4
1.1,4
M,4
PWM1,4
+=,4
flowing,4
witch,4
half,4
editing,4
\name,\,4
velocity,4
put,4
pressure,4
whenever,4
initialize,4
flush,4
F,4
Home,4
disk,4
|T000/000D,4
G92,4
\St,\,4
filename.g),4
Each,4
M0,4
prior,4
__UM2_4_H,4
subtract,4
complete,4
C3,4
Soft,4
includes,4
Assumes,4
(bed),4
exit,4
22,4
i/o,4
outside,4
software;,4
Note,4
valve,4
ls(),4
\open,\,4
ADD,4
reduction,4
Height:,4
\a_,\,4
Source:,4
Call,4
compensated,4
\Inc.,\,4
units,4
S<factor,4
failed,4
=============================public,4
begin,4
Coordinates,4
\O_TRUNC,\,4
digit,4
dir_t,4
etc,4
2010,4
result,4
library;,4
\dirFile,\,4
percent>-,4
-->,4
relative,4
:=,4
Manufacturing,4
Fifth,4
drives,4
jmil),4
LCDs,4
+direction,4
finding,4
COM,4
usually,4
M92,4
divide,4
****************************************************************,4
locations,4
missing,4
By,4
dy=,4
relevant,4
0XAA,4
MA,4
test,4
busy,4
calculations,4
avoid,4
writes,4
preceding,4
prescaler,4
identified,4
Clear,4
ALLOW_DEPRECATED_FUNCTIONS,4
revision,4
M208,4
TODO,4
Measure,4
GND,4
char*,4
well,4
Skip,4
CID,4
pulsed,4
counting,4
http://shop.arcol.hu/static/datasheets/thermistors.pdf,4
percentage,4
D4,4
fgets(),4
followed,4
past,4
datasheet,4
Current,4
Minimum,4
02110-1301,4
Pin,4
Mark,4
O_WRITE,4
adjust,4
O_CREAT,4
Foundation;,4
executed,4
Turn,4
closed,4
grbl,4
follow,4
V,4
config,4
lowest,4
D6,4
smaller,4
card's,4
----------------------------------------------------------------------------,4
selection,4
typically,4
(I2C),4
EtoP,4
w=,4
pos,4
\O_WRITE,\,4
300C,4
allowed,4
updated,4
initialized,4
C7,4
RS485,4
\occurs,\,4
common,4
ticks,4
generator,4
initialization,4
\8,\,4
MS1,4
TODO:,4
seek,4
including,4
\22,\,3
42,3
environment,3
CCW,3
EJE,3
types,3
WinAVR,3
\xyz,\,3
untretract,3
marlin,3
\month,\,3
EXTRUDERS,3
eof,3
floppy,3
variables============================,3
Movement,3
|F100%,3
M1,3
G0,3
groups,3
look,3
List,3
beginning,3
safety,3
29,3
2.0,3
t,3
triggered,3
|=,3
insert_e2=,3
Rotate,3
multiply,3
Kd,3
N_ARC_CORRECTION,3
M114,3
M104,3
feed_rate,3
suppress,3
know,3
streams,3
treated,3
Unconditional,3
Sprinter,3
MSB,3
few,3
Ki,3
numerical,3
MODE1,3
N,3
25,3
Sproul,3
F0,3
unmodified,3
\PULLUP,\,3
again,3
processed,3
requested,3
displays,3
directoryEntry,3
Update,3
GCode,3
40,3
59,3
those,3
1.0.0,3
experimental,3
Beeper,3
compute,3
0-255,3
\"\New\,3
X[pos],3
Advantage:,3
abort,3
\partition,\,3
buffer);,3
V2,3
hence,3
CS,3
\12,\,3
FAN_PIN,3
alive,3
adds,3
T--:--|,3
Setup,3
moving,3
R9,3
der,3
a),3
account,3
Reset,3
Maximum,3
p,3
read_us(),3
\AVR-GCC,\,3
Y0,3
ahead,3
name[0],3
|01234567890123456789|,3
sin(),3
hitachi,3
factors,3
Called,3
line.........|,3
millies,3
why,3
4.1ms,3
proper,3
O,3
building,3
actually,3
running,3
MS-DOS,3
2006,3
W10,3
associated,3
<-,3
note,3
checks,3
\set,\,3
K1,3
Y1,3
F7,3
implemented,3
Clock,3
were,3
Shield,3
100,3
38,3
\this,\,3
braking,3
van,3
Y[pos],3
independent,3
(Only,3
Default,3
sanity,3
G10,3
unsigned,3
FAT12/FAT16,3
argument,3
200C,3
LiquidCrystal,3
150C,3
subdirectories,3
significant,3
A5,3
Output,3
<=,3
\disabled,\,3
\out,\,3
blank,3
counter,3
k,3
redraw,3
Mounicou,3
avr,3
Calculates,3
overshoot,3
\MSerial.println(int(TWSR),\,3
Same,3
stuck,3
\it,\,3
release),3
MarlinSerial,3
Sonny,3
agree,3
calculation,3
Normal,3
buf,3
hard,3
grab,3
Release,3
GRPPWM,3
narrow,3
apps,3
joris,3
transformation,3
insure,3
sync,3
Electronics,3
lcd_change_to_menu_change_material(lcd_change_to_menu_change_material_return);,3
Remove,3
X0,3
Reading,3
h,3
G11,3
S<seconds>,3
buffering,3
\jerk,\,3
\SdBaseFile::open(SdBaseFile*,\,3
#,3
MAXTEMP,3
lift],3
section,3
executes,3
MS2,3
block),3
implement,3
Stop,3
lcd_update,3
Block,3
overwritten,3
null,3
bed),3
Segment,3
Every,3
(was,3
caller,3
\char*,\,3
GEN7,3
supports,3
Absolute,3
20100715,3
cool,3
optimized,3
ready,3
decimal,3
operation,3
45,3
started,3
super,3
fully,3
Arduinos,3
readDir(),3
F6,3
user's,3
-direction,3
\minute,\,3
2560,3
*********,3
linearity,3
fast,3
microseconds),3
Erik,3
away,3
Timer,3
#else,3
Version,3
++;,3
card.longFilename,3
hang,3
48,3
onto,3
A3,3
retracted,3
cpplint,3
\acceleration,\,3
THE,3
(read,3
',3
functional,3
computed,3
RW,3
\full,\,3
\4,\,3
Aug,3
M29,3
TLC5947,3
insert_e2,3
\_timer3,\,3
Speed,3
B000/000D,3
We,3
generated,3
steps/sec^2,3
MEGA_SOFT_SPI,3
automatically,3
M84,3
causes,3
extra,3
structure,3
\settings,\,3
B,3
Progress,3
lift,3
8-bit,3
0-4:,3
MODE2,3
G2,3
Codes,3
auto,3
attempt,3
original,3
h=,3
checksum,3
changing,3
problems,3
M10002,3
Modify,3
retract_recover,3
\path,\,3
algorithm,3
uint8_t),3
mc_arc,3
HD44780,3
RX,3
increase,3
passing,3
handlers,3
\"\-1"\,\,3
Z[relative,3
NORMAL!),3
small,3
contents,3
\error,\,3
LSB,3
\[0,59]\,3
operating,3
Else,3
But,3
Index,3
DOGM,3
instructions,3
A4,3
plans,3
\index,\,3
uS,3
doesn't,3
L[later,3
void,3
pulsing,3
F5,3
H10,3
\m,\,3
allocate,3
insert_e2;,3
M600,3
SANGUINOLOLU,3
filenames,3
guaranteed,3
corrupt,3
copies,3
structures,3
could,3
corner,3
hidden,3
Modified,3
remaining,3
\16,\,3
bed_minttemp_raw,3
Variables,3
duration,3
RESISTOR,3
added_items,3
//Max,3
E0,3
GRPFREQ,3
Zalm,3
outputs,3
warnings,3
g,3
M300,3
\exists,\,3
M10004,3
controlled,3
F4,3
Save,3
end-of-file,3
EXTRUDER>1,3
'../..',3
PWM3,3
RAM,3
calling,3
process,3
bar,3
0X55,3
i2c,3
To,3
\FAT,\,3
Fill,3
Defines,3
ASCII,3
entire,3
FWRETRACT,3
1),3
PWM0,3
Driver,3
PULLUP,3
deviation,3
M20,3
performed,3
\buffer,\,3
chars,3
except,3
(WITH,3
assign,3
TRANS_ARRAY,2
pushed,2
quick,2
\menu,\,2
M106,2
`,2
seized,2
set:,2
path);,2
output;,2
planned,2
Try,2
pre-erased,2
language,2
>450ns,2
surplus,2
blinking,2
domain,2
cacheRawBlock,2
controlling,2
BLOCK,2
readMicroseconds(),2
generate,2
room,2
saved,2
truncate,2
TT_MAX6675,2
discard,2
Location,2
handling),2
watch,2
Callback,2
directoryVFATEntry,2
/fsa/fdsa/,2
M85,2
+123.4,2
\SERIAL_PROTOCOLLNPGM("\\,2
Second,2
it;,2
maybe,2
HEATER_2_PIN,2
calculated,2
normalized,2
\finished,\,2
undo,2
recently,2
mins,2
53,2
retractions,2
INCLUDE_STEPPER_DISABLE,2
saves,2
Unused,2
\read,\,2
situation,2
diameter,2
cos(),2
(invalid,2
graphically,2
Nicholas,2
vol);,2
currentMenu,2
driver:,2
mixing,2
newPath,2
#include,2
dir);,2
Mellis,2
intersection,2
together,2
2008,2
heap,2
Take,2
E4,2
M209,2
management,2
driven,2
SdVolume::init(Sd2Card*,2
destination,2
\0X00,\,2
necessary,2
whether,2
Panelolu2,2
scroll,2
CW,2
accept,2
heads,2
heatup,2
executable,2
=============================functions,2
Zambetti,2
Camiel,2
sectorsPerFat32,2
RAMPS_V_1_0,2
took,2
Y1000),2
S<temperature>,2
mm/sec^2,2
M928,2
Amount,2
graphical,2
Kp,2
\changed,\,2
OVERSAMPLENR;,2
BTN_EN2,2
flags_,2
v1.x,2
intIn1,2
increased,2
More,2
Optional,2
allocated,2
Combine,2
Is,2
analogWrite,2
TWBR,2
\Solve[{Speed[s,\,2
Matthew,2
HEATER_0_USES_THERMISTOR,2
incremented,2
\ok"\);\,2
/|,2
8-15),2
longIn1,2
actions,2
stamp,2
DEFAULT,2
third,2
\media,\,2
G,2
Russian,2
1.x,2
timestamp,2
SERIAL_ECHOLN(fname);,2
entry's,2
New,2
ClockFreq),2
Margolis,2
parts:,2
LCD_CLASS,2
levels,2
emptied,2
1;,2
Conditional,2
(as,2
val;,2
Extract,2
partitionTable,2
Variable,2
ones,2
Sungeun,2
t_],2
overflow,2
temperature.cpp,2
combining,2
previously,2
E5,2
M303,2
-*-,2
accumulate,2
masterBootRecord,2
additionally,2
partial,2
scan,2
oflag);,2
M129,2
First,2
filament_sensor_pullup,2
Sectors,2
T=travel,2
HEATER_2_USES_THERMISTOR,2
shared,2
lenght,2
testing,2
extended,2
\6,\,2
rewrite,2
occupied,2
TCCR0B,2
finished,2
avoided,2
END,2
digits,2
Partition,2
attributes,2
!ADVANCE,2
|000/000,2
Teensy++,2
Danilov,2
(step/min),2
'1',2
\commands,\,2
BTN_EN1,2
s1^2,2
seems,2
\extrudes,\,2
numbers,2
TEMP_BED,2
origonal,2
extruder::getTemperature(),2
planning,2
attach(pin,2
Methods,2
Microstepping,2
terminate,2
sent,2
cylinder-head-sector,2
LEDs,2
event,2
*License:,2
Once,2
justify',2
FiveD,2
16)/2*4^TWPS,2
\z="\);\,2
converts,2
NULL,2
50ns,2
Edited,2
\y="\);\,2
inversely,2
\state,\,2
intialise,2
W,2
writeMicroseconds(),2
\[1,12]\,2
regions,2
mashup,2
G4,2
16-23),2
safe,2
mintemp,2
motions,2
Longest,2
(0xFF,2
im,2
G90,2
__UM2_3_H,2
goto,2
kernel,2
CNC,2
\32,\,2
are:,2
Gubbels,2
preliminary,2
recursive,2
decelerating,2
escape,2
drift,2
filled,2
enought,2
long)material[active_extruder].change_preheat_wait_time,2
M190,2
VCOMH,2
ACCELERATION,2
backward,2
background,2
preheat_end_time,2
states,2
\yet,\,2
\function,\,2
M301),2
G28,2
\tail),\,2
R,2
J,2
flows,2
public,2
E6,2
SD2,2
SERIAL_PROTOCOLLN(Kp);,2
WATCH_TEMP_INCREASE,2
Added,2
24-31),2
Finnish,2
generally,2
Michael,2
M907,2
-A,2
0);,2
M203,2
SERIAL_ECHOLNPGM(MSG_SD_WORKDIR_FAIL);,2
included,2
\word,\,2
B=minimum,2
44,2
dog,2
M25,2
\entry,\,2
1-63,2
\valid,\,2
implements,2
\20Mhz,\,2
(https://github.com/kliment/Sprinter),2
settle,2
s^2],2
time),2
profiles,2
\WRITE(STEP,\,2
speedup/slowdown,2
air,2
Derived,2
MISO,2
mount,2
AUTOSET,2
\2048,\,2
approach,2
M126,2
\command,\,2
Increment,2
performance,2
\d},\,2
\strings,\,2
\Also,\,2
Cancel,2
(2),2
4/8-bit,2
ID,2
Z=maximum,2
register),2
0xF8,2
GLCD,2
trig,2
totalSectors32,2
Go,2
storing,2
Planner,2
rather,2
rx_buffer_tail;,2
SText,2
M304,2
incoming,2
homeing,2
TRY,2
37,2
instfructions,2
figure,2
M23,2
volume's,2
E[initial,2
invalidate,2
Related,2
execute,2
r27,2
channels,2
PID_ADD_EXTRUSION_RATE,2
Plateau,2
removable,2
M115,2
G3,2
u,2
print(),2
years,2
200->2,2
43,2
\E,\,2
(2,2
\written,\,2
\EN_A,\,2
bgnBlock,2
secs,2
says:,2
M31,2
appear,2
FILE,2
\pretty,\,2
relavent,2
M221,2
CGRAM,2
updatePID,2
X=,2
UTF-8,2
hint,2
throw,2
16Mhz,2
resetting,2
48-55),2
parts,2
release,2
zlift/hop],2
F3,2
toggle,2
SERIAL_PROTOCOLLN(Ki);,2
TEMP_0,2
ascii,2
centripetal,2
M30,2
stepping,2
4096,2
SSD1309,2
ultimakerTextGfx);,2
SERIAL_ECHO_START;,2
break;,2
enjoy,2
\str,\,2
X86,2
S*],2
http://gcc.gnu.org/onlinedocs/cpp/Stringification.html,2
if(!workDir.openRoot(&volume)),2
frequently,2
distinguish,2
TEMP_2,2
RA_LIGHTING,2
y=,2
0-1023,2
LOW:,2
32-39),2
\lcd_lib_draw_string_center(30,\,2
motherboards,2
Q,2
truncation,2
modes,2
\3mm,\,2
dateTimeCallback(),2
Z000.0|,2
Kp*Tu/3;,2
\attach(pin,\,2
******************************,2
Correct,2
Function,2
mm/min],2
modification,2
0X29,2
SD-card,2
\FAT16,\,2
cylinder,2
Apply,2
*K3*,2
2400,2
H,2
E2,2
S<1=true/0=false>,2
millimeters,2
sample,2
David,2
scaling,2
\time,\,2
M202,2
SDSS,2
So,2
Min,2
M27,2
programming,2
HIGH:,2
0xF8-0xFF,2
[,2
\Travel[s,\,2
From,2
nonexecutable,2
proportional,2
removal],2
selector,2
file/directory,2
simply,2
(FAN,2
(16,2
Delete,2
led,2
'buttons',2
S=while,2
implemented?!,2
looking,2
46,2
M351,2
U,2
pull-pack,2
cause,2
stays,2
add_homeing[axis];,2
microstepping,2
external:,2
G10/11:,2
\rx_buffer_tail,\,2
http://reprap.org/pipermail/reprap-dev/2011-May/003323.html,2
M119,2
\0xFFFFFFFF,\,2
hit,2
CSR,2
TLC,2
produces,2
configured,2
(extruder),2
block->accelerate_until,2
JTAG,2
hell),2
&=,2
September,2
Configuration.h,2
arg,2
M107,2
Y<offset_on_Y>,2
j,2
endBlock,2
Kd:,2
\[0,23]\,2
\"\NEWTEX~1.TXT"\\,2
mm],2
0-7),2
to:,2
divider/freq,2
Restart,2
_,2
Valve,2
filament_sensor_pin,2
detach(),2
recheck,2
instruction,2
cases,2
mod,2
r26,2
\0X72,\,2
\invalid,\,2
That,2
((IS_SD_PRINTING,2
LOCATIONS,2
approximated,2
13h,2
accepted,2
detected,2
M218,2
M220,2
scanning,2
(default),2
Off,2
utility,2
methods,2
recursion,2
O_READ,2
M400,2
closest,2
\Typically,\,2
inserted,2
di],2
fitted,2
yyyy-mm-dd,2
extruded,2
something,2
Record,2
\11,\,2
(https://github.com/simen/grbl/tree),2
existing,2
(F_CPU),2
Step,2
plane,2
fileSize,2
CRC,2
RAMPS_V_1_2,2
tested,2
variable,2
remap,2
autotemp,2
20x4,2
May,2
(bit,2
check:,2
Different,2
Bit,2
Fields,2
cursor+blink,2
pause/stop,2
(and,2
],2
manages,2
http://opensource.org/licenses/BSD-3-Clause,2
X<offset_on_X>,2
bresenham,2
spinning,2
CMD8,2
\indicated,\,2
M301,2
$,2
KB,2
Recalculate,2
\filename,\,2
statements,2
skips,2
grind,2
S:,2
As,2
SXXXX,2
tail,2
M140,2
allocation,2
link,2
fits,2
(first,2
Capital,2
DIR_ATT_LONG_NAME,2
Deprecated,2
answer,2
<--,2
PAGE_HEIGHT,2
\SERIAL_ECHOLN("\remaider"\);\,2
\delayed,\,2
Jeon,2
(similar,2
\[1,31]\,2
58,2
centered),2
push-forward,2
SERIAL_PROTOCOLLN(Kd);,2
M80,2
inverted,2
\SERIAL_ECHO("\end\,2
M24,2
Share,2
keypad,2
axis_steps_per_unit,2
Buffer,2
56-63),2
legal,2
EN_C),2
uses:,2
random,2
identity,2
Fontname:,2
M105,2
Bounding,2
STOP_TRANSMISSION,2
directoryVFATEntries,2
\"\\,2
units/s^2,2
\reset,\,2
\up,\,2
http://mk90.ru/,2
special,2
reminder,2
entry_factor,2
maintanance->advanced->move,2
jump,2
M26,2
Deslect,2
hold,2
completed,2
Override,2
write_bl_len,2
Ki:,2
Alfons3,2
AUX-2,2
stepper.c,2
Teensyduino,2
B000/000|,2
MINIMUM_PLANNER_SPEED,2
feeding,2
Kp:,2
Pure,2
indent,2
num,2
millis(),2
39,2
SRAM,2
Kc,2
uint16_t,2
determination,2
\F_CPU/pow(2,\,2
(directory,2
Right,2
Sprinter),2
\States,\,2
\count,\,2
OCR,2
charge,2
Manufacturer,2
40-47),2
corresponding,2
ascent=,2
whole,2
M81,2
!AT90USB,2
truncated,2
cwd,2
-X,2
Erase,2
c,2
M503,2
Ilya,2
EEPROM_SETTINGS,2
United,2
formatting,2
src,2
variables=============================,2
Indicates,2
\0x80,\,2
INT,2
manipulating,2
3),2
G91,2
behave,2
exist,2
traced,2
\finally,\,2
Ramps,2
dateTime,2
\64,\,2
Timers,2
Copyright:,2
(unsigned,2
F2,2
\"\\"\\,2
|\,2
M22,2
2*TWBR,2
w,2
frambuffer,2
Toggle,2
35,2
reader,2
Put,2
clears,2
#368,2
stack,2
Old,2
\hour,\,2
illegal,2
cold,2
\SERIAL_ECHOLN("\dive\,2
everything,2
Recalculates,2
hostsoftware,2
Assignments,2
dummy,2
Small,2
1000L;,2
ClockFreq,2
\10,\,2
AUX-4,2
enter,2
86-based,2
Floppy,2
applied,2
animation,2
destructor,2
//////////////////////////////////,2
Definitions,2
q,2
backup,2
d_],2
f,2
manage,2
Cylinder-head-sector,2
\disk,\,2
computation,2
retract],2
HEATER_1_PIN,2
profile,2
action,2
seekSet(),2
41,2
M117,2
electricity,2
erased,2
line.....|,2
determined,2
pull,2
\wrong,\,2
vol,2
pid,2
\Document.txt"\\,2
faster,2
attached(),2
Digipot,2
planner),2
8),2
Warning,2
inactivity,2
sec,2
\place,\,2
timers-,2
\circle,\,2
T<extruder_number>,2
l,2
\SERIAL_ECHO("\start:"\);SERIAL_ECHOLN((int)(dirname_start-name));\,2
\V1,\,2
MSerial.print('=');,2
contact,2
creating,2
buffers,2
Supply,2
Jul,2
DISABLE_STEPPER_MENU_OPTION_ENABLE,2
measured,2
Z[additional,2
Ultipanels,2
Short,2
Temp,2
((F_CPU,2
disables,2
0-3,2
MOSI,2
final_rate,2
M21,2
uint16_t*,2
50,2
equations,2
planner.c,2
rmdir(),2
250C,2
shaded,2
transducer,2
\initialized,\,2
Material,2
M128,2
\0X52,\,2
WATCH_TEMP_PERIOD,2
item,2
\vector,\,2
\["\\,2
X1000,2
position)/32,2
CPU,2
SWITCHES,2
Text,2
\1024,\,2
CMD0,2
Which,2
Sqrt[2,2
\544,\,2
M908,2
Determine,2
\x="\);\,2
RAMPS_V_1_1,2
***********,2
Overflow:,2
Finish,2
62.5ns,2
M923,2
accommodate,2
updating,2
hours,2
SET_WR_BLK_ERASE_COUNT,2
identification,2
Left,2
\512,\,2
assigned,2
ratio,2
M205,2
MegaTronics,2
folder,2
hand,2
\SD,\,2
\EN_B,\,2
Indent,2
generation,2
(write,2
\speed,\,2
!NEWPANEL,2
(meaning,2
TEMP_1,2
HEATER_1_USES_THERMISTOR,2
_delay_us(150);,2
Relative,2
making,2
Solenoid,2
TXXXX,2
36,2
\1,2\,2
twice,2
attach(),2
MCU,2
__UM2_1_H,2
\[1980,2107]\,2
box,2
\steps,\,2
\empty,\,2
M350,2
LED,2
mappings,2
variable;,2
aware,2
\min,\,2
Px,2
classified,2
Roberts,2
block->decelerate_after,2
timer3,2
\,\,2
SD100%,2
M28,2
inverse,2
happsens,2
longIn2,2
trapezoids,2
platform,2
':';,2
defined(__AVR_ATmega1280__),2
intersection_distance(),2
degree,2
And,2
shutdown,2
granularity,2
assignments,2
Vector,2
Here,2
o,2
Closed,2
Code,2
2x,2
directories,2
extrude-only,2
100->1,2
dates,2
open(SdBaseFile*,2
successive,2
FAN1,2
initial_rate,2
applying,2
give,2
selecting,2
Status,2
mess,2
positive,2
TLCs,2
\timers,\,2
useful,2
Air,2
\date,\,2
\errors,\,2
(space),2
filament_sensor_pin_inverting,2
Init,2
32-bit,2
M127,2
rotary,2
round,2
Based,2
\:"\);SERIAL_ECHOLN((int)(dirname_end-name));\,2
steprate,2
.,2
TCCR1B,2
Heated,2
M10003,2
Mask,2
identifies,2
standing,2
record,2
future,2
reaches,2
Packed,2
mid,2
events,2
Class,2
FATs,2
Requires,2
(nonremovable),2
parsing,2
r_T,2
IO,2
helps,2
recommended,2
Some,2
P:,2
Stops,2
restore,2
LIMIT,2
correction,2
400,2
Multiplex,2
s2^2)/(4,2
\"\)\,2
(hours,2
upgrade,2
word,2
pass,2
intIn2,2
\once,\,2
4^TWPS),2
ENDL_CALLS_FLUSH,2
'\0';,2
dst,2
mm/sec],2
|0123456789012345|,2
0x00,2
unused,2
F_CPU/2,2
Low,2
nice,1
E7,1
prepend,1
logging,1
regarding,1
newline,1
8)));,1
\digitalWrite(17,\,1
\draining,\,1
beepsound,1
L4,1
against,1
necessarily,1
Consists,1
2MHz,1
block_t,1
bgnCluster,1
D29),1
languages),1
searches,1
mm/second,1
2*Kp/Tu;,1
\step_events_completed,\,1
EXTUDER_ADVANCE_K,1
Changes,1
rewrites,1
shields,1
axes,1
ors,1
instances,1
(is,1
(CID,1
(fabs(previous_speed[Y_AXIS]),1
HEATER_BED_RAW_HI_TEMP,1
initialisaiton,1
Total,1
4th,1
Ultipanel,1
\is"\\,1
ERASE_WR_BLK_END,1
\January,\,1
\"\\x06"\\,1
5-10:,1
*after),1
interval),1
\year,\,1
happen),1
Pick,1
us),1
Execute,1
\14,\,1
SdFatUtil_h,1
u8g.drawBox,1
it-,1
\update,\,1
\"\NEWFOL~1"\\,1
\files,\,1
\print(1.999,\,1
Z300,1
attach,1
hundred(s),1
istream,1
a.k.a,1
type(),1
SDCARDCARDDETECT,1
traditional,1
1-2,1
\0X61,\,1
screw,1
\2nd,\,1
towards,1
'\x0F',1
\PJ6,\,1
ALSO,1
prefix,1
shift/i2c,1
able,1
01/01/1980,1
\"\Junction\,1
\8,16,32\,1
SERIAL_ECHOLN(current_block->final_advance/256.0);,1
atleast,1
\point,\,1
Bail,1
(including,1
http://www.pjrc.com/teensy/teensyduino.html,1
SEND_STATUS,1
PD4,1
ERASE,1
maxtemp,1
Indicate,1
dname,1
chained,1
FILAMENT_REVERSAL_LENGTH,1
bit-bang,1
\DestinationSpeed[s2,\,1
printable,1
Serial.print(path);,1
\18,\,1
shown,1
\directoryEntry),\,1
USE_SOFTWARE_SPI,1
Jump,1
that:,1
couple,1
*c,1
advance),1
insures,1
important,1
limited,1
H6,1
\hit,\,1
lacks,1
buffer+5);,1
deg=degreeCelsius,1
15),1
GPL,1
handled,1
park,1
328,1
\write_P(PGM_P),\,1
\int_to_string(card.errorCode(),\,1
SEND_CSD,1
beginCylinderHigh,1
\"\]\,1
start/end,1
_y,1
500,1
H3,1
Whenever,1
12),1
provides,1
caller's,1
\stepper,\,1
second/2,1
SLOW,1
Coordinated,1
tracing,1
tiny,1
H5,1
moment,1
100ns,1
(vfat),1
thats,1
document:,1
prevMenu,1
orientation,1
/////////////////////////////////////////////////////////////,1
(initialize,1
ULTI_LCD2_LOW_LIB_H,1
14),1
18),1
Copy,1
Path,1
treat,1
accelerates,1
electronics),1
pulling,1
__UM2_6_H,1
PWM0=Red,1
);,1
parked,1
specifies,1
Symbol,1
version:,1
revive,1
0-29,1
\then,\,1
\routines,\,1
previous-current,1
i3,1
second;,1
such,1
properly,1
(Old,1
0xEE);,1
possibly,1
\seconds="\);\,1
H0,1
holds,1
zero-length,1
+B,1
Already,1
Teensy,1
tripping,1
controled,1
M83,1
request],1
'\x1C',1
\x,\,1
cosine,1
XY,1
\too,\,1
Last,1
G[0-3],1
Classic,1
PB6,1
pins.h,1
nominal_rate;,1
(G90),1
BLOCK_BUFFER_SIZE,1
maintainace,1
\modify,\,1
\WRITE(54,\,1
FILAMENT_FORWARD_LENGTH,1
behaviour,1
\62,\,1
stop),1
sckRateID),1
ATmega8,1
card.pauseSDPrint();,1
rehome,1
H4,1
(20kHz,1
PD5,1
(can,1
8)),1
(M202,1
\MBR,\,1
L2,1
wired,1
\complete,\,1
'Mathematica'):,1
+--------+,1
\IntersectionDistance[s1_,\,1
Send,1
M600;,1
=============================ROUTINES=============================,1
Main,1
\error!"\);\,1
remains,1
(stoptime-starttime)/1000;,1
jerkier,1
Helper,1
\mode,\,1
unit_vector,1
spi,1
readDir(dir_t*,1
FAT/FAT32,1
USE_WATCHDOG,1
care,1
Hopefully,1
aid,1
Preinstantiate,1
properly),1
IN,1
reaching,1
modules,1
Sd2Card_h,1
\contiguous,\,1
create_speed_lookuptable.py,1
regenerate,1
unknown,1
Polish,1
1mm,1
falls,1
r7,1
expanded,1
determine,1
001,1
todo,1
gregor:,1
STOP_TRAN_TOKEN,1
temperature.h,1
135,1
8bit,1
\defiend,\,1
easy,1
Writes,1
Chain,1
\"\WATCHDOG_RESET_MANUAL"\\,1
\space,\,1
measurements,1
2500ms,1
(7,1
len=,1
STBs,1
\SERIAL_ECHOPGM("\initial\,1
recover=unretract,1
PB0,1
REF,1
lcd_implementation_update_indicators()),1
(size,1
timed,1
K7,1
88-95),1
BED_USES_THERMISTOR,1
//40,1
\0,0\,1
(For,1
atmospheric,1
x=64,1
preprocessor,1
continuous,1
7|,1
file/subdirectory,1
di,1
readings,1
\bgnBlock,\,1
#error,1
G10/G11,1
resitor,1
\decelerate_after,\,1
(Depends,1
exception,1
L3,1
*date,1
rusian,1
'\x09',1
ALWAYS,1
\graphics,\,1
Register),1
\v1.2,\,1
\"\hh:mm\,1
96-103),1
Midnight,1
SEND_IF_COND,1
\left,\,1
\card,saving\,1
I/D,1
melzi,1
disable),1
ULTI_LCD2_MENU_MATERIAL_H,1
CTC,1
\WRITE(BEEPER,HIGH);\,1
\f$2^PIN\f$,1
atomic,1
resulting,1
R/W,1
D26),1
restart,1
ALL,1
hardcoded,1
0.2*Ku;,1
Raise,1
filesize,1
DOWN,1
MOTHERBOARD==80,1
Rename,1
\above,\,1
ERASE_WR_BLK_START,1
(5000,1
\0X41,\,1
output:,1
C++,1
47,1
Start/resume,1
CMD13,1
BE,1
*http://code.google.com/p/u8glib/,1
\RS,Enable,D4,D5,D6,D7\,1
\used,\,1
recalculated,1
Lines,1
RST,1
SdInfo_h,1
BED_MINTEMP),1
encoderDiff,1
19),1
int16_t,1
DOUBLE,1
OCR1A,1
firmware',1
Float,1
\rate,\,1
|SD100%,1
seconds),1
TimerX,1
formed,1
\Hours,\,1
u8g_font_6x10_marlin,1
maintained,1
4bit,1
ramp,1
Verify,1
\seconds,\,1
\powered,\,1
4-6,1
Sd2Card.h,1
cornering,1
minumim,1
MotorCurrentSetting,1
SPECIFICATION,1
SDPOWER,1
=================semi-private,1
S#,1
Enable/disable,1
\correction,\,1
lcd_change_to_menu(lcd_menu_change_material_preheat);,1
Flow,1
09-15-2012,1
target_temperature[active_extruder],1
Adafruit,1
RAMPS_V_1_3,1
set_extrude_min_temp(EXTRUDE_MINTEMP);,1
stops,1
+12V,1
49,1
Cache,1
LS_DATE,1
bootSignature,1
dual,1
Selection,1
(READ(FIL_RUNOUT_PIN),1
1-12,1
robust,1
terminator,1
\variables,\,1
target_velocity,1
M999:,1
while(analog2tempBed(bed_minttemp_raw),1
NEEDS,1
Specifications,1
ULTI_LCD2_H,1
Using,1
efficiency,1
*=,1
auto[0-9].g,1
for(int8_t,1
ULTRA_LCD_IMPLEMENTATION_ULTIBOARD_V2_H,1
\baud_setting,\,1
purchased,1
th,1
netfab,1
J0,1
density,1
SERIAL_ERROR_START;,1
cgram,1
SERIAL_ECHO(delta[Y_AXIS]);,1
'\x19',1
elapsed,1
\cmdbuffer[bufindr][100]="\Resend:"\;\,1
SD/SDHC,1
Blank,1
for:,1
increments,1
');,1
MSerial.print('\n');,1
(USART,1
EOF,1
Raw,1
http://objects.reprap.org/wiki/Mendel_User_Manual:_RepRapGCodes,1
architecture,1
helical,1
(these,1
tick,1
Picture,1
\cycle,\,1
0x38),1
sub-module,1
forget,1
(16),1
gleaned,1
00:00:00,1
dog/reset,1
dirBlock,1
planner;,1
\home,\,1
\slot,\,1
overflow.),1
elsewhere,1
UM2_5,1
WATCHDOG_RESET_MANUAL,1
gcode-file,1
X-,1
\idle,\,1
\"\\x01"\\,1
\TEMP_SENSOR_AD595_OFFSET"\\,1
befer,1
union,1
segement,1
(F_CPU/64),1
paramenters,1
pushing,1
config),1
HWserial,1
\segments,\,1
mbr,1
\write(uint8_t),\,1
Useful,1
CMD17,1
basically,1
(*dateTime)(uint16_t*,1
aug,1
\lines,\,1
shipped,1
0XE5,1
routine;,1
//////////////////////////////////////////////////////////////,1
TESTED,1
(M928,1
Smith,1
millimaters,1
on/off),1
PC2,1
speed),1
(Teensylu),1
obsolete,1
Microseconds,1
choosen,1
referred,1
motion_control.h,1
recall,1
+1234.5,1
viewed,1
M_UCSRxA,1
trough,1
ignores,1
service,1
MIDDLE,1
17|,1
IDentification,1
LCD_STR_THERMOMETER,1
ultimakerRobotGfx);,1
\temperature,\,1
9615kHz),1
//////////////////////,1
Report,1
confusion,1
\Speed[s_,\,1
\_timer5,\,1
//lcd_lib_set();,1
\working,\,1
red(stop),1
==============================================================================,1
DO:,1
PWM1=Green,1
tt,1
preventing,1
(3),1
\"\Configuration.h"\\,1
mimic,1
compactability,1
u8g.setColorIndex(0);,1
Unix/Linux,1
called),1
\/,1
\unused,\,1
accelerate,1
Determines,1
relay,1
PART_TYPE_,1
will:,1
POWER,1
D27,1
respective,1
Row,1
23:59:58,1
0401,1
corruption,1
L6,1
n;,1
Parent,1
dA,1
(segments-1),1
interpretation,1
Day,1
\lcd_change_to_menu(previousMenu,\,1
\ultimaker2marlin,\,1
recieving,1
HEATER_3_PIN,1
SHIFT_LD,1
\[0,6]\,1
invoked,1
continue;,1
pixels),1
BED_MAXTEMP,1
Triffid_Hunter,1
11),1
8);,1
process_commands(),1
>1sec,1
'\x16',1
application,1
recommend,1
of:,1
~(_BV(CS10),1
1-line,1
deletes,1
20|,1
led_glow--;,1
\wait,\,1
Encoder,1
UM2_9,1
errorData(),1
4k7,1
informed,1
'N',1
helpers,1
(Ulti)gcode,1
(104GT-2),1
\lengths,\,1
\progress,\,1
READ_SINGLE_BLOCK,1
\signed,\,1
Did,1
encoderPosition,1
previous_speed[],1
eraseCount,1
transferred,1
\code,1
if(cnt++!=nr),1
WITH/WITHOUT,1
min(),1
\UltiLCD2,\,1
|35,1
Cluster,1
S[0|1],1
*T0*,1
385,1
Exit,1
fat32_boot,1
RX0,1
\{7,\,1
UM2_8,1
WRITE_MULTIPLE_BLOCK,1
Cooldown,1
(from,1
S200,1
Engage,1
aceleration,1
Portuguese,1
\angle,\,1
(m^2,1
{},1
HIGH),1
tries,1
PA3,1
INITIALIZATION,1
holding,1
Byte,1
6|,1
OUTPUT);,1
often,1
c;,1
cwd_,1
Needed,1
Dead,1
ver,1
miss-positioned,1
firstBlock,1
e_steps,1
prevEncoderPosition,1
\gcode,\,1
uart,1
M17,1
(s2),1
target_rate,1
(MAX_SERVOS,1
ClearToSend();,1
1.1.x,1
_________________,1
timer0,1
plugged,1
6:,1
pid_input[EXTRUDERS];,1
\enquecommand_P((PSTR("\G28"\)));\,1
ULTRALCD,1
passed,1
0.0001)),1
tokens,1
longFilenames,1
w/0,1
'\x0B',1
'\x12',1
Z+000.0|,1
operations,1
|36,1
Private,1
framebuffer,1
\SERIAL_ECHOPGM("\mm="\);\,1
\20000mm/sec^2"\\,1
(0,1
Implemented,1
chip:,1
dual/multi,1
printSlash,1
(FILAMENT_BOWDEN_LENGTH,1
\9h,\,1
alghorithm,1
while(1),1
\ultimaker,\,1
Truncate,1
NEED,1
mathematics,1
TDI,1
Started,1
//Abort,1
motors;,1
block_buffer,1
optimization,1
(always,1
idiom,1
<=1,1
boards),1
workhorse,1
indicated,1
Screw,1
8U2,1
u8g.setColorIndex(1);,1
terminated,1
dev);,1
ArduinoMega2560,1
side,1
lose,1
'\x17',1
lodge,1
0X41,1
__UM2_2_H,1
somehow,1
\DestinationSpeed[s_,\,1
LCD_STR_DEGREE,1
comprehensive,1
(29),1
O_RDONLY,1
PC4,1
non-h-bot,1
0xb5,1
\TX,\,1
light,1
lcd_change_to_menu_change_material_return;,1
3.01,1
c++,1
|33,1
exponential,1
nonexistent,1
ocr,1
(di),1
Dwell,1
0-59,1
http://arduino.cc/forum/index.php?topic=91395.25;wap2,1
9),1
stepper.h,1
panels),1
Selects,1
ATMega644,1
axis_XXX,1
LANGUAGE_CHOICE,1
\ArduinoIDE,\,1
\well,\,1
powers,1
152-159),1
\modifications,\,1
pg,1
12|,1
hitting,1
writeStop(),1
_BV(CS11),1
Sy,1
(FILAMENT_BOWDEN_LENGTH-50),1
__CONFIGURATION_H,1
converted,1
accurately,1
\digitalPotWrite(digipot_ch[i],\,1
connecting,1
\2)+pow((before->speed_y-after->speed_y),\,1
=====,1
*dogm_lcd_implementation.h,1
//256,1
D27),1
word):,1
MSerial.println('X');,1
color,1
mm/s^s,1
20x2,1
\Solve[{DestinationSpeed[s1,\,1
\*before,\,1
delay(10);,1
\accelerate_until,\,1
S<frequency,1
M200,1
*With,1
\speed_x,\,1
cos(phi],1
wiring_serial,1
\timer5,\,1
supplied,1
\final_rate,\,1
9|,1
\display,\,1
maximize,1
little,1
PWRSW,1
(lcd_lib_button_pressed),1
acive,1
10|,1
Decelerate,1
){,1
'\x04',1
boolean,1
byte),1
=============================Buffers,1
feel,1
31khz,1
010,1
ended,1
|32,1
270Â°,1
Max6675,1
sum,1
100.0,1
(22),1
K5,1
\WRITE(BEEPER,LOW);\,1
|22,1
\line,\,1
iostate,1
readability,1
'right,1
0X0E,1
\ID,\,1
//Arbitration,1
sign,1
M82,1
arrives,1
u8g.firstPage();,1
N_ARC_CORRECTION~=25,1
SD_SEND_OP_COMD,1
tangent,1
existence,1
\TODO:X,Y,Z,E\,1
extern,1
\"\TOFIND.TXT"\\,1
X#,1
_BV(CS01),1
'\x0D',1
TXD3/PJ0,1
clearance,1
\attached,\,1
Size,1
none-zero,1
15|,1
priority,1
lcd_autostart_sd);,1
T>target+BED_HYSTERESIS,1
Play,1
factory,1
M601,1
Computed,1
\SERIAL_ERRORLNPGM("\Temp\,1
P<duration,1
\them,\,1
directory's,1
de/ac-celerate,1
2k,1
exact,1
dateTime(uint16_t*,1
Of,1
SECTION,1
deviate,1
99,1
i2c_start();,1
SHIFT_CLK,1
corrected,1
|38,1
16),1
U8GLIB_ST7920_128X64_RRD,1
ONLY,1
\message,\,1
Trace,1
de,1
0451,1
destionation,1
Registers,1
\Note,\,1
solve,1
\"\nominal"\\,1
append,1
AVCC,1
Y200,1
immediately,1
WARNING:,1
uint8_t*,1
accelleration,1
blocksPerCluster,1
generating,1
conv[0]=(xx>=0)?'+':'-';,1
23),1
electricty,1
SERIAL_ECHO(delta[X_AXIS]);,1
F_CPU/8,1
+---\/---+,1
defs,1
delimiter,1
\(!card.init(SPI_HALF_SPEED,SDSS))\,1
activates,1
=============================ISR,1
analog,1
nr,1
\motherboard,\,1
occur,1
continues,1
loops,1
definitions:,1
(extended),1
known,1
(which,1
Cursor,1
\MENU_ITEM(gcode,\,1
plateau,1
moves;,1
calibrate,1
18|,1
'\x1E',1
if(advance,1
(20),1
intermediate,1
0.0001),1
onboard,1
-ZP,1
'\x02',1
(30),1
UM2_1,1
\context,\,1
shifts,1
SERIAL_ECHOLN(steps);,1
slowly,1
PD1,1
type_,1
Required,1
http://linuxcnc.org/handbook/gcode/g-code.html,1
13|,1
spiRate),1
Frequency,1
i=0;i<30;i++),1
19|,1
O_APPEND,1
\Otherwise,\,1
XY),1
Struct,1
2));,1
TX1,1
6),1
lesser,1
gravity,1
11|,1
Works,1
SPI:,1
TCK,1
exit-speed,1
negative),1
equivalent,1
Debug,1
compensation,1
omitting,1
descend,1
lcd_implementation_init();,1
August,1
safely,1
euclidean,1
chains,1
How,1
'\x08',1
S12345),1
PA4,1
Rounded,1
http://www.sdcard.org/developers/tech/sdcard/pls/simplified_specs,1
\0X55,\,1
\"\\x00"\\,1
ultimakerTextOutlineGfx);,1
vendor,1
multiplication,1
0-127,1
\"\The\,1
|24,1
|27,1
56,1
M606,1
real-time,1
mode),1
////////////////////////////////////////////////////////////////,1
It's,1
indirectly,1
60,1
Watchdog,1
rescaled,1
Symbols,1
Analogue,1
global,1
4|,1
round-off,1
ULTRA_LCD_IMPLEMENTATION_HITACHI_HD44780_H,1
u8g.getHeight());,1
\everything,\,1
\heating,\,1
|30,1
TCNT1,1
incorrectly,1
reality,1
Sd2PinMap_h,1
|39,1
VCC,1
errorCode(),1
timestamp(),1
\Record,\,1
Serial.print((char*)p.name);,1
nrOfFiles,1
\write,\,1
pre-erase,1
paper,1
\"\LiquidCrystalRus.h"\\,1
axis_linear,1
32-byte,1
'\x05',1
Licence:,1
mm):,1
row,1
-Change,1
UBRRH,1
SO,1
+123.45,1
bmp,1
(25),1
(led_glow,1
0-100%,1
14/15,1
sin(phi),1
digipot_motor_current[i]);,1
happened,1
chipSelectPin),1
GO_IDLE_STATE,1
PA0,1
LS_SerialPrint,1
\cruising,\,1
TWCR,1
CMD12,1
COMPILE,1
provide,1
alter,1
FAT12_SUPPORT,1
Random,1
dB,1
*K1*,1
*T2*,1
OEM/Application,1
\draw,\,1
HardwareSerial.h,1
joining,1
hits,1
T_CREATE,1
form:,1
yet,1
readStop(),1
Zack,1
i.g,1
initially,1
Lots,1
shortest,1
*/,1
Y+000.0,1
enabled..,1
aim,1
\homed,\,1
B260,1
ULTRA_LCD_IMPLEMENTATION_DOGM_H,1
-B,1
default:,1
\UNSAFE!,\,1
subrtact,1
emulate,1
Filament,1
declerations,1
h=10,1
imports,1
'\x15',1
parameter,1
PB7,1
M999,1
\sckRateID,\,1
\however,\,1
\[1,2,4,8,16]\,1
\heatingpower,\,1
endCylinderLow,1
|X+000.0,1
'\x0E',1
unchanged,1
~10kHz,1
Unmodified,1
rates,1
ULTI_LCD2_MENU_FIRST_RUN_H,1
automaticly,1
PA2,1
movement),1
animated,1
step),1
came,1
\s2_,\,1
totalSectors16,1
_BV(CS12));,1
PWM2=Blue,1
'\x18',1
ubbr,1
M302,1
Lead,1
\pinMode,\,1
Z_HOME_DIR,1
74,1
//////////////////////////////////////////////////////,1
emergency,1
dial,1
movements,1
quite,1
~(_BV(CS00),1
LED_PIN,1
echange=+1mm,1
encoders,1
M121,1
while(,1
hasn't,1
F<factor>,1
\period,\,1
HEATER_BED_RAW_LO_TEMP;,1
\block->initial_rate,\,1
http://sanguino.cc/hardware,1
-Y,1
map,1
fans,1
disabling,1
accesible,1
ULTI_LCD2_MENU_PRINT_H,1
Just,1
M104/M109,1
microstep,1
\7,\,1
5x8,1
reboot,1
disrupts,1
\printing,\,1
edit,1
86),1
isTimerActive,1
exchange,1
Heating,1
ringbuffering,1
tenths,1
Multiple,1
temperature:,1
\channel,\,1
|29,1
procedures.,1
endBlock);,1
mirrored,1
SdBaseFile_h,1
contiguousRange(uint32_t*,1
'F',1
\compatibility,\,1
de-select,1
indicating,1
determining,1
data/cmds,1
ref,1
recorder,1
retracted_recovered,1
CooldownNoWait,1
!FAN_SOFT_PWM,1
depends,1
firstClusterLow,1
indicators,1
https://github.com/Ultimaker/Ultimaker2Marlin/issues/32,1
encountered,1
TEMP_SENSOR_AD595_GAIN),1
|25,1
SERIAL_ECHOLN(delta[Z_AXIS]);,1
Terminate,1
lcd_menu_material_main;,1
creationTime,1
SERIAL_ECHO(current_block->advance_rate/256.0);,1
ensures,1
watchdog_init,1
watchperiod,1
PB2,1
plan_is_acceleration_manager_enabled();,1
delimiters,1
PWMs,1
\axis,\,1
(27),1
proofing,1
#elif,1
listings,1
print_job_timer.isRunning()),1
syntax,1
applications.),1
lcd_change_to_menu(lcd_menu_material_main);,1
510,1
128ms,1
1kHz,1
rate),1
block_t.entry_factor),1
64-71),1
drawing,1
Jens,1
EXTRUDER_AUTO_FAN_TEMPERATURE,1
Z_DUAL_STEPPER_DRIVERS,1
Servo.h,1
FAT_DATE,1
fact,1
\MSerial.print("\CRC:"\);\,1
edge,1
';,1
CMD24,1
20),1
planner.h,1
\print,\,1
chronological,1
COREXY),1
T_WRITE,1
buffer>12characters,1
AUTOTEMP,1
SdFatConfig_h,1
S3000,1
acute,1
DIR_NAME_FREE,1
mintemp+factor*se[steps/sec],1
entry/exit,1
20kHz,1
SIGNAL(SIG_USART_RECV),1
http://www.microsoft.com/whdc/system/platform/firmware/fatgen.mspx,1
'\x10',1
current_block->advance;,1
Servo.cpp,1
PC6,1
SERIAL_ECHO(cartesian[X_AXIS]);,1
-1;,1
screens:,1
256,1
_and_,1
\5,\,1
edits,1
\1980,\,1
LEFT,1
\SERIAL_ECHOPGM("\cartesian\,1
(C,1
negative,1
handle,1
type:,1
40000,1
Card-Specific,1
above/below,1
1s,1
sucess,1
gen6,1
micro,1
2|,1
\PSTR("\Code:"\));\,1
\animation,\,1
32),1
vector(=-offset),1
//backwards,1
UM2_4,1
pin#,1
curPosition,1
RX_ENABLE_PIN,1
*****************************,1
audiable,1
Potential,1
\lcd_lib_clear_gfx(0,\,1
convenience,1
pad,1
buildplate,1
document,1
12345,1
sleep,1
0xF8),1
Solve,1
O_WRONLY,1
\datasheet,\,1
550,1
\read-only,\,1
intended,1
K3,1
settings.mm_per_arc_segment,1
5V,1
ram,1
\voltage,\,1
FEATURE,1
M10010,1
21),1
104-111),1
pps,1
H1,1
Cause,1
plan_set_acceleration_manager_enabled(false);,1
*time,1
'\x07',1
128-135),1
reason,1
displayed,1
Specific,1
Tool,1
requests,1
condition,1
breakout,1
scaled,1
68,1
terminates,1
Counter,1
0x800,1
again:,1
CONFIG_STORE_H,1
x=0,1
FAN_KICKSTART_TIME,1
sections,1
SERIAL_ECHO(block->advance/256.0);,1
Rest,1
Inactivity,1
individually,1
en,1
__CONFIGURATION_ADV_H,1
junctions,1
cheap,1
Last/newest,1
45/46,1
(M30,1
effect,1
contained,1
romance,1
Oliver,1
read/write,1
'\x0A',1
s1,1
Ring,1
0X00,1
\index),\,1
Why,1
Microcontroller,1
\CS,\,1
Feed,1
(CID),1
\travel,\,1
archive,1
__cxa_pure_virtual,1
40ms,1
libs,1
After,1
CHANGE,1
RESET_MANUAL,1
\y,\,1
runtime,1
phase,1
real,1
\'\\r',\,1
ABORT_ON_ENDSTOP_HIT_FEATURE_ENABLED),1
accelerate_steps+plateau_steps;,1
font_6x10_marlin.c,1
112-119),1
PD3,1
underline,1
createContiguous(SdBaseFile*,1
forwards,1
\pow((before->speed_x-after->speed_x),\,1
digipot,1
8-15,1
TMS,1
string:,1
solution,1
\generation,\,1
\position,\,1
D24),1
\initial_rate,\,1
Constructors,1
runs,1
unwanted,1
not-long-filename,1
TX_ENABLE_PIN,1
2.5,1
!Configuration,1
\block_buffer_tail,\,1
appreciable,1
'RepRap,1
lastBlock,1
prevention,1
T7000),1
M401,1
fat32_fsinfo,1
\"\2.00"\\,1
uint32_t*,1
(%),1
\tiny,\,1
Removed,1
SHIFT_OUT,1
Twice,1
LCD_HEIGHT,1
9-12,1
compensate,1
len=10,1
autostart;,1
sketch,1
cubic,1
Objects,1
Lower,1
Area,1
curent,1
PC3,1
V1,1
reductions,1
current_block->advance),1
Signal,1
511,1
http://www.corexy.com/theory.html,1
noted,1
\ISR,\,1
zero),1
*THB*,1
\13,\,1
5|,1
Initial,1
multiplied,1
X200,1
=============================imported,1
(Otherwise,1
eight,1
HardwareSerial.cpp,1
UM2_3,1
rotations,1
15},1
MIN_PULSE_WIDTH,1
synchronous,1
initialise,1
\size,\,1
SERIAL_ECHO(cartesian_mm);,1
Serial.println(autoname);,1
motor),1
203W,1
replaced,1
16x4,1
100%,1
priniciple,1
Third,1
missed,1
PD0,1
trim,1
(quickly),1
feed,1
abs(min,1
\_AVR_ATmega{168,328,328P}__\,1
\"\Prev:\,1
happend,1
Sprinter/grbl,1
allotted,1
current_position,1
s^2)/(2,1
M605,1
cast,1
represents,1
********************************************************************************,1
gcodes:,1
pause,1
Stored,1
(We,1
(23),1
crashing,1
stopping,1
step_events_completed,1
band,1
(across,1
0.0,1
\planners,\,1
\MSG_AUTOSTART,\,1
(M26,1
17),1
SERIAL_ECHOLN(block->advance_rate/256.0);,1
â,1
0-7,1
THERMISTORTABLES_H_,1
recalculate,1
carry,1
\d,\,1
junction_jerk(block_t,1
positioned,1
(into,1
\MINTEMP,\,1
retrieve,1
1ms,1
Any,1
Sanguinololu),1
UM2_7,1
120-127),1
(CSD,1
SECONDS,1
_z,1
\//lcd_lib_clear_gfx(0,\,1
Head,1
Volume,1
Run,1
ULTILCD2_GFX_H,1
P<milliseconds>,1
Turns,1
20120830,1
(steps),1
pololu,1
|21,1
DIR_ATT_,1
November,1
config.h),1
ATmega128,1
remove(),1
mult,1
formats,1
\PSTR("\G92\,1
(M23,1
SERVOS_PER_TIMER),1
Thermister,1
year;,1
sd_fpos_t,1
54,1
DOGM128,1
rows,1
APP_CMD,1
0X0F,1
0100,1
local,1
-sin(phi);,1
prescaling,1
<LiquidCrystal.h>,1
\dir,\,1
blog,1
IMPLEMENT,1
dependend,1
handler,1
*u8glib,1
\concerned,\,1
\lcd_lib_set(3,\,1
1.00,1
Resets,1
UM2_2,1
commmand,1
B:[button,1
API,1
F_CPU/16,1
MCUSR,1
2-second,1
Kraus,1
\Therefore,\,1
SHIFT_EN,1
F_CPU/128,1
LIFETIME_STATS_H,1
height),1
K0,1
void*,1
//Heat,1
*',1
percent),1
sqrt(,1
TEMP_SENSOR_2,1
ourselfs,1
sustain,1
READ_BL_LEN=512,1
regulation,1
\Mat:12345678m"\\,1
LCD_STR_BEDTEMP,1
shows,1
material[e].temperature;,1
\SERIAL_ECHOPGM("\delta\,1
AREF,1
\off,\,1
\steps="\);\,1
http://reprap.org/wiki/Printrboard,1
Backbuffer,1
further,1
ns,1
(inComment),1
'\\n',1
Maker's,1
O_AT_END,1
g-code,1
CHANGES,1
Configure,1
M10000,1
TX0,1
M10001,1
remainder,1
PA1,1
Physical,1
MSerial.print('|');,1
E=maximum,1
SPCR,1
killed,1
timers.h,1
\[0,58]\,1
\FAT_DATE(year,\,1
translation,1
quickStop();,1
generations,1
4),1
components,1
redefined,1
'\x1A',1
(V1.10),1
utilities,1
u8g.nextPage(),1
up/cooling,1
+-----+------------------------+---+--+---------------+----+,1
Anything,1
Close,1
L0,1
PA5,1
XTAL2,1
2107,1
let,1
PH3,1
'\x01',1
compensating,1
UCSRnA,1
\"\Confirm\,1
\input,\,1
mm/sec;,1
Power_off,1
implementations,1
alias,1
becomes,1
endCylinderHigh,1
E-bay,1
13),1
\Hence,\,1
writeData(),1
7),1
(SDCARDDETECT,1
start/restart,1
\HardwareSerial.cpp,\,1
*******,1
checkHitEndstops();,1
2.00,1
0.7,1
\"\ULTRALCD"\\,1
indicator,1
minor,1
longest,1
S215,1
vol_,1
(R:[rotation,1
\"\ULTIPANEL"\\,1
drawOffset+8*n+7);,1
circular,1
Month,1
major,1
Fetch,1
\(12,\,1
Handling,1
leib,1
phi,1
Uno,1
(19),1
corexy,1
(M28,1
registers,1
(refers,1
_FASTIO_ARDUINO_H,1
PB3,1
\Serial.print("\\,1
driver),1
run-out,1
\interrupt,\,1
https://github.com/Ultimaker/Ultimaker2Marlin,1
Programmemory,1
stepping-bits,1
respectively,1
mm_per_arc_segment,1
Recursive,1
PB1,1
LCD_SCREEN_ROT_0,1
flavor,1
\dirFile.exists("\TOFIND.TXT"\)\,1
SdFile_h,1
regular,1
current_position[Z_AXIS]+=-retract_zlift;,1
\Z0"\));\,1
\directly,\,1
3|,1
WRITE_MULTIPLE_BLOCKS,1
WaveRP,1
ELECTRONICS_TEST_H,1
K6,1
\words,\,1
if((fabs(previous_speed[X_AXIS]),1
|31,1
RIGHT,1
unretract=retract_length+retract_recover_length[surplus],1
Welcome,1
\PS_ON,\,1
136-143),1
Allows,1
(True,1
ptr[10],1
backlight,1
150C),1
PB5,1
OCR),1
previousEncoderPos);,1
Access,1
joined,1
isDir(),1
nophead's,1
\Travel[s_,\,1
\refresh,\,1
E3,1
Leave,1
----->,1
improve,1
nonlinearities,1
1/100,1
|40,1
=============================functinos,1
utilize,1
negatively,1
magic,1
paths,1
\3,\,1
(valid,1
cooldown,1
aways,1
\operator,\,1
FIL_RUNOUT_INVERTING)),1
lost,1
extern.,1
conflicts,1
SEND_CID,1
\1.1.x,\,1
fatgen103.doc,1
Newpanel,1
hh:mm:ss,1
Kliment,1
FILAMENTCHANGEENABLE,1
PC7,1
\MS2,\,1
pause/stop/restart,1
AVR,1
Hz>,1
SERIAL_ECHO(cartesian[Y_AXIS]);,1
D30),1
circuit,1
russian,1
robot,1
mode..,1
Enable/Power,1
M10005,1
note:,1
computing,1
remain,1
extreme,1
00,1
0XFF,1
Firmware,1
pFlag,1
11-15:,1
\forever,\,1
scsRateID,1
Jumping,1
delay(100);,1
eeprom),1
\folder"\\,1
emulator,1
*K2*,1
Reprap,1
choosing,1
enabled),1
defined;,1
strange,1
/4,1
garantee,1
soft,1
\rates,\,1
FAT_TIME,1
stats,1
primed,1
1/10,1
LCD_STR_CLOCK,1
reprapworld_keypad,1
bernoulli's,1
GDRAM,1
K2,1
Kapton,1
expand,1
'\x1F',1
recycled,1
overheats,1
write/modification,1
processing,1
CRITICAL_SECTION_START,1
(mask,1
slave,1
waste,1
Z-Coordinates,1
\â,\,1
sd2Card::init(uint8_t,1
\writeln_P(PGM_P),\,1
accelerate_steps;,1
\move,\,1
chipset,1
~1A),1
IMPORTANT:,1
NOW,1
modulo,1
discrete,1
XY_FREQUENCY_LIMIT,1
100.000,1
till,1
0X80,1
MAX_PULSE_WIDTH,1
lighting,1
speed_e;,1
-------------------,1
isFile(),1
REFRESH_INTERVAL,1
extruding,1
PA7,1
near,1
Sensitive,1
full:,1
1);,1
backlights,1
////////////////FIX,1
Attiny,1
arc_target,1
ifndef,1
PAGE,1
O_IN,1
\RAMPS,\,1
\init,\,1
print.h,1
57,1
ConfigurationStore.cpp,1
LS_SIZE,1
reliably,1
\"\se"\\,1
\care,\,1
\eeprom_write_block(card.longFilename,\,1
coefficient,1
*T1*,1
180Â°,1
CONTROLLERSEC..,1
blocksPerCluster_,1
//128,1
99),1
MARLIN,1
(y0,1
dogm.next(),1
shielding,1
Calculare,1
Geisler,1
asume,1
pops,1
TEMP_BED_PIN,1
\strcpy_P(buffer,\,1
temps,1
motion_control.c,1
protected,1
Thermocouple,1
(e.g,1
buffer[12];,1
\nonzero,\,1
MERGE,1
\lcd_lib_draw_string_center(40,\,1
algorithm:,1
\acceleration_rate,\,1
DigitalPotControl,1
(measuredTemp,1
se;,1
Connector,1
volume),1
T_ACCESS,1
animate,1
consuming,1
Revert,1
\24,\,1
8|,1
start-up,1
Y-switches,1
huge,1
epoch,1
UTF8,1
Spanish,1
â¦,1
tune,1
(a*t),1
curve,1
LS_R,1
LCD_SCREEN_ROT_90,1
series,1
J1,1
rotated,1
MIN_PULSE_WIDTH),1
}else,1
(15),1
plateau:,1
\endcode,1
Marlin!,1
27/12/17,1
\"\actualTemp\,1
M18,1
\speed_y,\,1
down]),1
(X_AXIS=A_AXIS,1
circles,1
machines,1
waveform,1
'\x06',1
F_CPU/2^(1,1
defined(SIG_USART_RECV),1
\Arduino,\,1
Zero-based,1
Base,1
resets,1
CRC7,1
Recursively,1
https://github.com/unrepentantgeek/brainwave-arduino,1
\lcd_lib_draw_gfx(80,\,1
deprecated,1
F_CPU/256/8,1
\mm),\,1
visual,1
corrrectede=2mm,1
Figure,1
K4,1
EXTRUDER_RUNOUT_PREVENT,1
Finally,1
\u8g.getWidth(),\,1
PB4,1
M120,1
'\x14',1
INVERT_E1_DIR,1
my,1
bss,1
maintains,1
(Printrboard),1
dataStart,1
Interleave,1
\nbyte,\,1
Pwm,1
partial),1
unmarked,1
SERIAL_ECHOLN(cartesian[Z_AXIS]);,1
(d->attributes,1
'\x0C',1
tone,1
contibuted,1
Are,1
end-of-print,1
immediate,1
644/644p,1
int8_t,1
steps/sec,1
544,1
melting,1
bump,1
\220,\,1
_BV(CS02));,1
parser,1
strong,1
development,1
Radius,1
\pins,\,1
spiRate,1
encode,1
acceleration_manager_was_enabled,1
photograph,1
\endstop,\,1
'\x00',1
\t],\,1
cid,1
begins,1
PCF8575,1
someday,1
\EEPROM_MATERIAL_NAME_OFFSET(nr),\,1
0-199,1
123.4,1
prescale,1
HW-SPI,1
\"\]"\);\,1
setSckRate(),1
10kHz,1
(B20000),1
compared,1
**********,1
serial:,1
MASKING-,1
rad,1
<filename>,1
SDCARDTETECTINVERTED,1
presence,1
200,1
Feedrate,1
underruns,1
entry-,1
Don't,1
THIS//////////////,1
stabalize,1
HIGH);,1
(above,1
z=70mm,1
Map,1
designed,1
144-151),1
trying,1
dateTimeCallback(,1
Heatup,1
seperate,1
5-8:,1
(WHG,1
HEATER_BED_RAW_LO_TEMP,1
article:,1
easier,1
ms>,1
printTimeSec,1
READ_OCR,1
\day,\,1
(26),1
Storing,1
feedmultiply,1
Sequence,1
ULCDST7920_H,1
SdFatConfig.h,1
autostart,1
72-79),1
******************************************************************************,1
DO,1
'\x03',1
target[],1
cable,1
cmd,1
\V2,\,1
\0x100),\,1
\maximized,\,1
LCD_STR_FEEDRATE,1
installed,1
T<maxtemp>,1
(31),1
\watchdog,\,1
computations,1
velocities,1
pid_output[EXTRUDERS];,1
LiquidCrystalRus,1
distance],1
theta_per_segment,1
Manually,1
\speeds,\,1
observed,1
Name,1
PC0,1
mkdir(SdBaseFile*,1
\"\\n"\\,1
-Misc-Fixed-Medium-R-Normal--9-90-75-75-C-60-ISO10646-1,1
Com:,1
classic,1
\primed,\,1
2048,1
\memory,\,1
start.gcode,1
ZetaPhoenix,1
stored_ver,1
Initializes,1
optimizes,1
addressable,1
-rf,1
lag,1
capable,1
100;,1
\tail,\,1
'\x13',1
Z-axis,1
\"\SDSUPPORT"\\,1
digitalWrite,1
L5,1
hundredths),1
French,1
dirEntry(dir_t*,1
\length,\,1
acos(),1
costly,1
German,1
(prev_unit_vec,1
D28),1
ULTI_LCD2_HI_LIB_H,1
Y_AXIS=B_AXIS,1
refill,1
AVAILABLE,1
E10000),1
reduced,1
Trigger,1
E14,1
|28,1
MSerial.print(',1
Memory,1
Steps,1
beginCylinderLow,1
ParCan,1
*****************,1
0x0F,1
rx_buffer_tail,1
expire,1
\Startup,\,1
25ms,1
0X1AA,1
SDA,1
2.7V,1
Stream,1
caught,1
init(),1
CARDINSERTED,1
(21),1
RX1,1
Specification,1
display/cursor,1
far,1
user-defined,1
OPTIONS,1
descriptions,1
(250000,1
STEPS_PER_CUBIC_MM_E,1
\timestamps,\,1
http://www.reprap.org/wiki/STB_Electronics,1
active;,1
booting,1
stuff,1
drakelive,1
jerk-adjusted,1
\MSerial.print(calcCrc,\,1
dwell,1
corrrectede=-2mm,1
Single,1
======================================================================================,1
listed,1
keeps,1
careful,1
..,1
PD6,1
directions,1
chipSelectPin,1
PD7,1
appropriately,1
O_RDWR,1
\offset,\,1
\outputs,\,1
populate,1
moves),1
Baud,1
Blinking,1
\sprintf(conv,"\%5.1f"\,x);\,1
follows:,1
SET_OUTPUT(STEP);,1
YOU,1
V1.0,1
law,1
pure,1
We're,1
am,1
kill(),1
'/',1
day);,1
INT2,1
ENABLE_PINS,1
finishAndDisableSteppers();,1
50),1
rises,1
plan_set_acceleration_manager_enabled(acceleration_manager_was_enabled);,1
http://arduino.cc,1
Adjust,1
constructor,1
\round-off,\,1
CR,1
Indicator,1
U8GLIB_ST7920,1
Languages,1
(Does,1
185,1
temperature.c,1
ErikZalm/Marlin,1
looked,1
threshold,1
__________________________,1
atan2(),1
atmel,1
word),1
PWM3=White,1
NO,1
'\x11',1
Fall,1
/*,1
include:,1
Jan,1
Basic,1
CMD18,1
SERIAL_ECHOLN(nrFiles);,1
recalculation,1
deccelaration,1
counters,1
\dev,\,1
tests,1
accounting,1
*Graphics,1
DL,1
37us,1
\case,\,1
none-long,1
\PWM,\,1
Reasoning,1
Serial.println(gcode_N);,1
\paused,\,1
eeprom_read_float,1
*_DIRECTION_BIT,1
S0,1
Tiefenbacher,1
leading,1
source,1
project,1
Motion,1
16|,1
Let,1
expected,1
Discards,1
matrix:,1
\static,\,1
fastio.h,1
\speed_z,\,1
\Interrupt"\\,1
\_timer4,\,1
168/328,1
TDO,1
\upwards,\,1
(1),1
pop,1
\conversion,\,1
INT1,1
WITH,1
Epcos,1
\"\deleted"\\,1
availible,1
accelerating,1
Ensure,1
PA6,1
segments;,1
[cos(phi),1
endl,1
loads,1
pre-scaler,1
uint32_t,1
bundle,1
\EOF,\,1
exactly,1
if(!comment_mode){,1
\MSG_SET_ORIGIN,\,1
delim,1
SET_SPI_SS_HIGH,1
\[0,\,1
behind,1
measure,1
Layer,1
act,1
decelerates,1
acts,1
(Not,1
Z_LATE_ENABLE,1
un-numbered,1
Arduino:,1
nrFiles'th,1
worked,1
48bit,1
visualisation,1
false;,1
(invert_feed_rate),1
ACMD41,1
(assumes,1
timing,1
Say,1
SERIAL_ECHO(current_block->advance/256.0);,1
virtual,1
asked,1
XTAL1,1
Hz,1
echange=-1mm,1
Temporarily,1
(Brainwave),1
CMD58,1
removal,1
&&,1
\Integrate[Speed[s,\,1
\access,\,1
\automatic,\,1
placeholders,1
vent,1
PARTIALLY,1
*T3*,1
((TWSR,1
\unsigned,\,1
follows,1
EN_B,1
heatingpower=Kc*(e_speed),1
User,1
SERIAL_ECHO(seconds);,1
Tonokip,1
16MHz,1
Microstep,1
NBR_TIMERS,1
SEE,1
WRITE_BLOCK,1
IF,1
finished:,1
\different,\,1
step_events/sec,1
\<mintemp,\,1
F_CPU/4,1
-=,1
\CR,\,1
alloc,1
LANGUAGE_H,1
PC1,1
\timeout,\,1
\MSerial.print(recvCrc,\,1
UM2,1
handling,1
notify,1
D25),1
\operation,\,1
size),1
168,1
(y1,1
LEDS,1
Letting,1
Round,1
validate,1
\distance,\,1
Capabilities,1
cruising,1
indications,1
NUL,1
L7,1
shape,1
\SERIAL_ECHOLN("\Version:\,1
speed_lookuptable.h,1
0X61,1
(14),1
controls,1
gdram,1
Kp/Tu;,1
estimate_acceleration_distance(),1
'\x1D',1
LIKE,1
tracer,1
de-prime,1
G5,1
RXD3/PJ1,1
Hitachi,1
Handle,1
days,1
hooke's,1
\v1.0,\,1
incorrect,1
lastWriteDate,1
is_printing)&&(digitalRead(13),1
inpossible,1
behavior,1
|37,1
bytesPerSector,1
_useTimerX,1
Active,1
colinear,1
recursively,1
downloaded,1
alphabet,1
stages,1
X_HOME_DIR,1
second);,1
esequence,1
\jerk"\\,1
readData(),1
current_speed[],1
pre-defines,1
22),1
calls,1
90Â°,1
\think),\,1
gnu,1
nop,1
indirection,1
time));,1
Request,1
66,1
9-15:,1
(-1,1
(1980-2107),1
\SD,LCD,Buttons\,1
(M201,1
fat_boot,1
PC5,1
F*,1
Simplified,1
steps/s^2,1
300,1
somwhere,1
\MENU_ITEM(function,\,1
differ,1
Now,1
\Minutes,\,1
delays,1
(F_CPU/128),1
|26,1
example:,1
(s2/mm3),1
Philipp,1
(MOTHERBOARD,1
EN_A,1
classes,1
READ_MULTIPLE_BLOCK,1
0x100,1
'\x1B',1
control:,1
\creation,\,1
SERIAL_ECHO(current_block->initial_advance/256.0);,1
infrequently,1
Error,1
openRoot(SdVolume*,1
//check,1
0x0000,1
(M203,1
\_AVR_ATmega{644,644P,644PA}__\,1
referenced,1
bt,1
2000,1
F_CPU/32,1
\SERIAL_ECHOPGM("\final\,1
r2,1
feedback,1
lcd_cache,1
help,1
ever,1
happen:,1
Entries,1
timer5,1
g_code,1
M540,1
|34,1
chase,1
mostly,1
pointed,1
Multiply,1
S<mintemp>,1
DONE,1
equal,1
Invalid,1
0.33*Ku;,1
3-7,1
BED_MINTEMP,1
\"\\x02"\\,1
4.5V,1
trick,1
O_TRUNC,1
-acceleration),1
beyond,1
decreased,1
TEMP_X_PIN,1
chipset-specific,1
interrupt),1
position[],1
Checksum,1
PD2,1
\~0.75A,\,1
chipSelect,1
communiation,1
periodically,1
67,1
review,1
(Sprinter,1
Heatbed,1
documentation,1
(disconnected),1
\lcd_lib_draw_gfx(0,\,1
\FAT_TIME(hour,\,1
\values,\,1
enumerates,1
Y_HOME_DIR,1
\radius,\,1
0-23,1
L1,1
kill,1
Italian,1
(RAMBO,1
prusa,1
DIR_ATT_LONG_NAME_MASK),1
Rotary,1
non-safe,1
locate,1
Dir,1
*Demonstrator:,1
\"\\x07"\\,1
Trig,1
ptr,1
14|,1
(I,1
T>target-BED_HYSTERESIS,1
longFilename,1
measuring,1
repeat,1
61,1
Long,1
0x700,1
0x10000),1
max_jerk,1
\paramater,\,1
\XY,Z,E\,1
\pinMode(17,\,1
\timer,\,1
80-87),1
0xa2,1
Capacity,1
waits,1
iostreams,1
chamber:,1
\change,\,1
cur,1
6],1
divides,1
\"\LANGUAGE_CHOICE"\\,1
UM2_6,1
end-code,1
mirroring,1
slope,1
REMOVE,1
\u8g(0,0,0);\,1
sieze,1
lcd_lib_update_ready,1
future:,1
so:,1
\steps_x,\,1
|23,1
1980,1
previous_nominal_speed,1
English,1
remove(SdBaseFile*,1
D31),1
ls,1
isclockwise,1
gantry,1
overworking,1
LCD_SCREEN_ROT_270,1
(18),1
costs,1
1|,1
CRLF,1
Construct,1
5),1
SdFatStructs_h,1
\drawOffset+8*n-1,\,1
upon,1
chaninging,1
Generally,1
master,1
zone,1
slightly,1
mA,1
\di]},\,1
menuitems,1
we'll,1
e_steps[current_block->active_extruder],1
\(0,\,1
Sanity,1
\language,\,1
\quickly,\,1
1-4,1
*dstA0,1
Hydra-mmm,1
'rm,1
INT0,1
**********************,1
\9,\,1
'*',1
(M204,1
'left,1
high/low,1
(step/sec),1
caused,1
csd,1
ALSO:,1
accordingly,1
Aux,1
Inverse,1
69,1
ULTI_LCD2_MENU_MAINTENANCE_H,1
1-31,1
